Gene set name	URL	P-value	Q-value	Hit size	Effective gene set size	Molecules contributed to enrichment
GO_ACTIN_CYTOSKELETON	http://www.gsea-msigdb.org/gsea/msigdb/cards/GO_ACTIN_CYTOSKELETON	5.247378556583177E-11	6.59070746706847E-8	60	119	WIPF1 FHOD1 MYLK SAMD14 MPRIP OPHN1 SH3GL1 PRKCB AFAP1 CD2AP CLDN5 ADAM17 DAAM1 BIN2 VCL MACF1 TWF1 KALRN SLC9A3R1 ARHGAP21 CALD1 GAS2L1 SPTBN1 MARK2 VASP MYO5A PARVB SMTN HNRNPK FERMT3 ILK PPP1R9A ARHGAP6 AKAP13 CAPZB SH3PXD2A DBNL PAWR SPTB MTSS1 SHROOM4 CTTN MYH9 ARHGEF2 ALDOA DBN1 SRC NEXN ASAP1 EHBP1 LIMA1 ABLIM3 FLNA SVIL ZNF185 MYO9B PTPN12 CDC42BPB CDC42BPA ZYX
GO_ACTIN_FILAMENT_BASED_PROCESS	http://www.gsea-msigdb.org/gsea/msigdb/cards/GO_ACTIN_FILAMENT_BASED_PROCESS	7.599869889356168E-8	6.129295065765749E-5	72	176	WIPF1 FHOD1 TESK2 F11R FNBP1L SAMD14 MPRIP OPHN1 STMN1 PPFIA1 PRKCD CD2AP ACAP2 DAAM1 PKP2 TNIK TLN1 SHC1 EPB41 AGAP2 TWF1 SLC9A1 SLC9A3R1 EPB41L3 GAS2L1 SPTBN1 VASP MYO5A PARVB ARHGAP25 SMTN RGCC CASS4 ILK PPP1R9A ARHGAP6 AKAP13 CAPZB TMSB4X NCK1 ARHGEF10 DBNL PAWR ARAP1 SPTB SHROOM4 MTSS1 INF2 CTTN MYH9 ARHGEF2 ALDOA DOCK2 SHANK3 DBN1 ARF6 CAMK2D SRC ROCK2 ADD3 EHBP1 LIMA1 ABLIM3 FLNA PAK2 CLASP1 SVIL MYO9B CDC42BPB CDC42BPA TAOK1 ZYX
GO_PODOSOME	http://www.gsea-msigdb.org/gsea/msigdb/cards/GO_PODOSOME	5.145244842405843E-7	2.9653761108399014E-4	13	15	SVIL DBNL SRC ASAP1 PTPN12 HNRNPK SH3PXD2A CTTN BIN2 ARHGEF2 VCL SH3GL1 FERMT3
GO_CYTOSKELETON_ORGANIZATION	http://www.gsea-msigdb.org/gsea/msigdb/cards/GO_CYTOSKELETON_ORGANIZATION	1.1420899974840413E-6	5.302152813319662E-4	93	259	WIPF1 TESK2 F11R SAMD14 MPRIP OPHN1 STMN1 PRKCD AFAP1 CD2AP DYNC1LI1 DAAM1 MAP1B MAP1A TLN1 MACF1 EPB41 AGAP2 TWF1 SLAIN2 EPB41L3 SPTBN1 VASP MYO5A PARVB SMTN ARHGAP6 ARHGAP4 AKAP13 TMSB4X DBNL PAWR MTSS1 INF2 CTTN KIF2A ARHGEF2 ALDOA DBN1 ARF6 HTT NEXN LIMA1 FLNA PAK2 SVIL NDE1 TAOK1 ZYX TACC1 FHOD1 SLK PPFIA1 CLIP2 PKP2 TNIK SHC1 SLC9A1 MTM1 SLC9A3R1 GAS2L1 MARK3 MARK2 MSN ARHGAP25 RGCC CASS4 TUBGCP3 ILK PPP1R9A BICD1 CAPZB NCK1 ARHGEF10 ARAP1 SPTB CKAP5 SHROOM4 MYH9 DOCK2 SHANK3 PLEC SRC ROCK2 VPS4B ADD3 EHBP1 ABLIM3 VPS54 CLASP1 NCKAP5L CDC42BPB CDC42BPA
GO_SUPRAMOLECULAR_POLYMER	http://www.gsea-msigdb.org/gsea/msigdb/cards/GO_SUPRAMOLECULAR_POLYMER	1.2080091749807229E-6	4.4865460758784044E-4	58	140	WIPF1 STMN1 CD2AP DYNC1LI1 CLIP2 STIM1 MAP1B MAP1A PKP2 VCL MACF1 TWF1 SLAIN2 MTM1 CALD1 GAS2L1 SPTBN1 MARK2 MYO5A PARVB SMTN SYNJ1 TUBGCP3 GSK3A ILK HSPB1 ARHGAP6 BICD1 ARHGAP4 AKAP13 CAPZB KIF13B CEP170 DNM1L DBNL PARP4 PAWR CKAP5 SHROOM4 DNM2 ADORA2A CTTN KIF2A MYH9 ARHGEF2 ALDOA DBN1 PLEC SRC NEXN EHBP1 FLNA CLASP1 ARFGEF2 SVIL NDE1 NCKAP5L MYO9B
GO_SUPRAMOLECULAR_FIBER_ORGANIZATION	http://www.gsea-msigdb.org/gsea/msigdb/cards/GO_SUPRAMOLECULAR_FIBER_ORGANIZATION	1.2126057670596287E-6	3.753014849049551E-4	62	153	APP WIPF1 FHOD1 F11R SAMD14 SLK MPRIP STMN1 PPFIA1 PRKCD CD2AP CLIP2 MAP1B MAP1A PKP2 TWF1 SLAIN2 MTM1 SLC9A1 RIPK1 GAS2L1 SPTBN1 VASP MYO5A ARHGAP25 RGCC CASS4 TUBGCP3 ILK PPP1R9A ARHGAP6 AKAP13 CAPZB TMSB4X NCK1 ARHGEF10 DBNL PAWR ARAP1 SPTB CKAP5 SHROOM4 CTTN KIF2A ARHGEF2 ALDOA SHANK3 DBN1 ARF6 SRC ROCK2 VPS4B ADD3 LIMA1 FLNA PAK2 CLASP1 SVIL NDE1 NCKAP5L TAOK1 ZYX
GO_CYTOSKELETAL_PROTEIN_BINDING	http://www.gsea-msigdb.org/gsea/msigdb/cards/GO_CYTOSKELETAL_PROTEIN_BINDING	3.5543156441874903E-6	0.0010129799585934347	75	201	WIPF1 MYLK SAMD14 MPRIP OPHN1 STMN1 AFAP1 DAAM1 MAP1B MAP1A TLN1 MACF1 EPB41 TWF1 EPB41L3 STXBP5 SPTBN1 VASP MYO5A PARVB SMTN TMSB4X KIF13B DBNL PAWR MTSS1 INF2 CTTN KIF2A ARHGEF2 ALDOA DBN1 RABGAP1 HTT NEXN CXCR4 LIMA1 FLNA SVIL NDE1 MYO9B TAOK1 FHOD1 CLIP2 STIM1 VCL SLC9A3R1 CALD1 GAS2L1 MARK3 MARK2 MSN TUBGCP3 GSK3A PPP1R9A BICD1 CAPZB DNM1L ARHGEF10 SPTB CKAP5 SHROOM4 DNM2 ADORA2A MYH9 SHANK3 PLEC CAMK2D ROCK2 ADD3 ABLIM3 CLASP1 SPAG9 ARFGEF2 ZNF185
GO_POLYMERIC_CYTOSKELETAL_FIBER	http://www.gsea-msigdb.org/gsea/msigdb/cards/GO_POLYMERIC_CYTOSKELETAL_FIBER	5.456125360263141E-6	0.0013606212617156208	47	110	WIPF1 STMN1 CD2AP DYNC1LI1 CLIP2 STIM1 MAP1B MAP1A PKP2 MACF1 TWF1 SLAIN2 GAS2L1 MARK2 MYO5A SMTN SYNJ1 TUBGCP3 GSK3A ARHGAP6 BICD1 ARHGAP4 AKAP13 KIF13B CEP170 DNM1L PARP4 DBNL PAWR CKAP5 SHROOM4 DNM2 ADORA2A CTTN KIF2A ARHGEF2 DBN1 PLEC SRC EHBP1 FLNA CLASP1 SVIL ARFGEF2 NDE1 NCKAP5L MYO9B
GO_ACTIN_BINDING	http://www.gsea-msigdb.org/gsea/msigdb/cards/GO_ACTIN_BINDING	7.057589314979575E-6	0.0015644322981538056	48	114	WIPF1 FHOD1 MYLK SAMD14 MPRIP OPHN1 AFAP1 DAAM1 MAP1B MAP1A TLN1 VCL MACF1 EPB41 TWF1 CALD1 EPB41L3 GAS2L1 SPTBN1 VASP MYO5A MSN PARVB SMTN PPP1R9A CAPZB TMSB4X DBNL PAWR SPTB MTSS1 SHROOM4 INF2 CTTN MYH9 ALDOA SHANK3 DBN1 PLEC CXCR4 NEXN ADD3 LIMA1 ABLIM3 FLNA SVIL ZNF185 MYO9B
GO_SUPRAMOLECULAR_COMPLEX	http://www.gsea-msigdb.org/gsea/msigdb/cards/GO_SUPRAMOLECULAR_COMPLEX	1.5076231882224308E-5	0.003253450840184006	65	173	WIPF1 ZC3H12C EIF4ENIF1 STMN1 CD2AP DYNC1LI1 CLIP2 STIM1 MAP1B MAP1A PKP2 VCL MACF1 TWF1 SLAIN2 MTM1 CALD1 PCBP1 G3BP1 GAS2L1 SPTBN1 MARK2 MYO5A PARVB SMTN HNRNPK SYNJ1 TUBGCP3 EIF4G1 GSK3A ILK HSPB1 ARHGAP6 BICD1 ARHGAP4 AKAP13 CAPZB KIF13B CEP170 DNM1L DBNL PARP4 PAWR CKAP5 SHROOM4 DNM2 ADORA2A CTTN KIF2A MYH9 ARHGEF2 ALDOA DBN1 PLEC SRC ROCK2 NEXN EHBP1 FLNA CLASP1 ARFGEF2 SVIL NDE1 NCKAP5L MYO9B
GO_REGULATION_OF_CELL_DEVELOPMENT	http://www.gsea-msigdb.org/gsea/msigdb/cards/GO_REGULATION_OF_CELL_DEVELOPMENT	1.8971249714148057E-5	0.003721814262102864	46	111	APP F11R EIF4ENIF1 UNC13D CLDN5 MAP1B TNIK IL6ST VCL MACF1 TWF1 KALRN RTN4 MARK2 RAP1GAP2 PDE3A CASS4 EIF4G1 DOCK5 GSK3A ILK PPP1R9A ARHGAP4 AKAP13 KIF13B DNM1L SCARF1 NCK1 FGA DBNL DNM2 CTTN NUMB RAPGEF2 ARHGEF2 SHANK3 DBN1 ARF6 ROCK2 CXCR4 ASAP1 FLNA PAK2 CAMK2G SPAG9 NAP1L1
GO_POSITIVE_REGULATION_OF_MULTICELLULAR_ORGANISMAL_PROCESS	http://www.gsea-msigdb.org/gsea/msigdb/cards/GO_POSITIVE_REGULATION_OF_MULTICELLULAR_ORGANISMAL_PROCESS	7.622177799398433E-5	0.015009338449982082	68	191	APP SERPINE1 F11R MAP3K7 PRKCB F2R SCRIB ADAM17 STIM1 FRMD8 MAP1B MAPKAPK2 CD226 PRKCQ TBC1D23 IL6ST MACF1 TWF1 KALRN RTN4 MTM1 SLC9A1 TBXA2R TNFRSF14 MBP RIPK1 SPTBN1 MARK2 DAB2 MAVS RGCC PDE3A EIF4G1 DOCK5 GSK3A TGFB1I1 ILK HSPB1 PPP1R9A SPN TMSB4X DNM1L SCARF1 CLIC1 NCK1 FGA FCER1G DBNL SYK ITPKB ADORA2A CTTN NUMB RAPGEF2 ARHGEF2 SHANK3 DBN1 ARF6 CAMK2D SRC ROCK2 CXCR4 FLNA CLASP1 SPAG9 ARFGEF2 NAP1L1 MAPK14
GO_REGULATION_OF_CELL_DIFFERENTIATION	http://www.gsea-msigdb.org/gsea/msigdb/cards/GO_REGULATION_OF_CELL_DIFFERENTIATION	1.3607577025844003E-4	0.02473438808620721	68	194	APP SERPINE1 F11R KIAA1109 UBASH3B PRKCB UNC13D CLDN5 MAP1B PRKCQ MACF1 TWF1 KALRN NFATC2 NFATC1 PDE3A TGFB1I1 ARHGAP4 AKAP13 KIF13B CLIC1 DBNL SYK TFE3 ITPKB CTTN RAPGEF2 ARHGEF2 DBN1 ARF6 CXCR4 FLNA PAK2 EIF4ENIF1 MAP3K5 PKP2 TNIK IL6ST VCL STK4 RTN4 SAV1 RIPK1 MARK2 RAP1GAP2 ANKRD26 DAB2 RGCC CASS4 EIF4G1 DOCK5 GSK3A ILK PPP1R9A DNM1L SCARF1 NCK1 FGA DNM2 NUMB SHANK3 ROCK2 ASAP1 CAMK2G CLASP1 SPAG9 NAP1L1 MAPK14
GO_ACTIN_FILAMENT_ORGANIZATION	http://www.gsea-msigdb.org/gsea/msigdb/cards/GO_ACTIN_FILAMENT_ORGANIZATION	1.4173801227395784E-4	0.02392335164309731	44	112	WIPF1 FHOD1 F11R SAMD14 MPRIP STMN1 PPFIA1 PRKCD CD2AP TWF1 SLC9A1 GAS2L1 SPTBN1 VASP MYO5A ARHGAP25 RGCC CASS4 PPP1R9A ARHGAP6 CAPZB TMSB4X NCK1 ARHGEF10 DBNL PAWR ARAP1 SPTB SHROOM4 CTTN ARHGEF2 ALDOA SHANK3 DBN1 ARF6 SRC ROCK2 ADD3 LIMA1 FLNA PAK2 CLASP1 SVIL ZYX
GO_CORTICAL_CYTOSKELETON	http://www.gsea-msigdb.org/gsea/msigdb/cards/GO_CORTICAL_CYTOSKELETON	1.6151342539414508E-4	0.02544374828042432	16	28	EPB41 PPP1R9A AKAP13 CALD1 FLNA SPTBN1 CLASP1 MPP1 DBNL PRKCB SPTB SHROOM4 CLDN5 CTTN MYH9 DBN1
GO_ANCHORING_JUNCTION	http://www.gsea-msigdb.org/gsea/msigdb/cards/GO_ANCHORING_JUNCTION	2.2605372465953164E-4	0.037157580990910516	61	172	APP FHOD1 SLC4A2 F11R MPRIP PPFIA1 PRKCD AFAP1 SCRIB FRMD4B CD2AP CLDN5 ADAM17 PKP2 TLN1 VCL TWF1 SAV1 SLC9A1 EPB41L3 G3BP1 VASP MSN PARVB TJAP1 DAB2 HNRNPK CASS4 LAT FERMT3 TGFB1I1 ILK HSPB1 GIT1 NCK1 SHROOM4 DNM2 CTTN NUMB RAPGEF2 MYH9 LCP2 ARHGEF2 DBN1 ARF6 PLEC SRC NEXN ADD3 LIMA1 FLNA PAK2 CLASP1 SVIL ZNF185 PTPN12 CDC42BPB CDC42BPA PIKFYVE ZYX TJP2
GO_PROTEIN_DEPOLYMERIZATION	http://www.gsea-msigdb.org/gsea/msigdb/cards/GO_PROTEIN_DEPOLYMERIZATION	2.625984102051709E-4	0.040625518755270554	19	37	VPS4B TWF1 ADD3 LIMA1 CAPZB STMN1 SPTBN1 CLASP1 SH3GL1 SVIL NCKAP5L SPTB CKAP5 SYNJ1 KIF2A MAP1B TAOK1 MAP1A ARHGEF2
GO_REGULATION_OF_NEURON_DIFFERENTIATION	http://www.gsea-msigdb.org/gsea/msigdb/cards/GO_REGULATION_OF_NEURON_DIFFERENTIATION	2.8856371693474257E-4	0.04216236530768738	32	76	APP GSK3A ILK PPP1R9A ARHGAP4 EIF4ENIF1 KIF13B DNM1L SCARF1 NCK1 DBNL DNM2 CTTN MAP1B RAPGEF2 TNIK ARHGEF2 SHANK3 DBN1 ARF6 MACF1 TWF1 CXCR4 ASAP1 KALRN RTN4 PAK2 CAMK2G MARK2 SPAG9 RAP1GAP2 EIF4G1
GO_CYTOKINE_PRODUCTION	http://www.gsea-msigdb.org/gsea/msigdb/cards/GO_CYTOKINE_PRODUCTION	2.92984208651746E-4	0.04055518256600484	37	92	APP CD84 SERPINE1 HSPB1 F11R SPN TMSB4X MAP3K7 FCER1G SYK PRKCD F2R SCRIB CD2AP ADAM17 FRMD8 MAPKAPK2 LCP2 CD226 PRKCQ ARHGEF2 TBC1D23 IL6ST SRC ROCK2 UBE2J1 G3BP1 MBP TNFRSF14 RIPK1 SPTBN1 ARFGEF2 NFATC2 NFATC1 MAPK14 MAVS RGCC
GO_HOMOTYPIC_CELL_CELL_ADHESION	http://www.gsea-msigdb.org/gsea/msigdb/cards/GO_HOMOTYPIC_CELL_CELL_ADHESION	3.3200463135866067E-4	0.04365860902366388	17	32	HSPB1 ILK PEAR1 F11R UBASH3B FLNA CLIC1 FGA SYK PRKCD PKP2 MYH9 PRKCQ TLN1 VCL FERMT3 TJP2
GO_POSITIVE_REGULATION_OF_CYTOKINE_PRODUCTION	http://www.gsea-msigdb.org/gsea/msigdb/cards/GO_POSITIVE_REGULATION_OF_CYTOKINE_PRODUCTION	3.350117904398275E-4	0.04195623851698792	27	61	APP SERPINE1 HSPB1 SPN MAP3K7 FCER1G SYK F2R SCRIB ADAM17 FRMD8 MAPKAPK2 PRKCQ CD226 ARHGEF2 TBC1D23 IL6ST SRC ROCK2 MBP TNFRSF14 RIPK1 SPTBN1 ARFGEF2 MAPK14 MAVS RGCC
GO_POSITIVE_REGULATION_OF_CELL_DIFFERENTIATION	http://www.gsea-msigdb.org/gsea/msigdb/cards/GO_POSITIVE_REGULATION_OF_CELL_DIFFERENTIATION	3.688698053782352E-4	0.044096708552034486	44	116	SERPINE1 F11R MAP3K5 UNC13D CLDN5 MAP1B IL6ST MACF1 TWF1 STK4 KALRN SAV1 RIPK1 MARK2 NFATC2 DAB2 RGCC PDE3A CASS4 EIF4G1 DOCK5 TGFB1I1 ILK PPP1R9A DNM1L SCARF1 CLIC1 NCK1 FGA DBNL SYK TFE3 DNM2 ITPKB NUMB RAPGEF2 ARHGEF2 SHANK3 DBN1 CXCR4 FLNA SPAG9 NAP1L1 MAPK14
GO_POSITIVE_REGULATION_OF_MOLECULAR_FUNCTION	http://www.gsea-msigdb.org/gsea/msigdb/cards/GO_POSITIVE_REGULATION_OF_MOLECULAR_FUNCTION	4.0027029539562635E-4	0.0457700381256738	93	292	APP F11R OPHN1 STMN1 PRKACB PRKCB PRKCD SCRIB GAPVD1 CLDN5 CCNY PRKCQ EPB41 AGAP2 KALRN STXBP5 WNK1 ARHGAP6 ARHGAP4 AKAP13 SH3PXD2A TMSB4X GIT1 MAP4K2 DBNL SYK RAPGEF2 ARHGEF2 ARHGEF6 RABGAP1 HTT CXCR4 PAK2 MYO9B TAOK1 TACC1 CRTC2 DOCK11 MAP3K7 MAP3K5 MAP2K4 F2R WRNIP1 TOM1L1 ADAM17 ACAP2 STIM1 MAPKAPK2 TNIK SHC1 RASGRP2 ARHGAP15 STK4 SAV1 SLC9A1 ARHGAP21 MBP RIPK1 MARK3 MARK2 RAP1GAP2 ARHGAP25 MAVS RGCC CASS4 TAB3 LAT EIF4G1 DOCK5 GSK3A ILK PPP1R9A DNM1L ARHGEF10 KSR1 ARAP1 DNM2 TBC1D1 DNAJC1 RABEP1 ALS2 RASA3 LCP2 DOCK2 SHANK3 RGS18 SRC ROCK2 ASAP1 SPAG9 RNF25 MAPK14 CCS
GO_REGULATION_OF_CELL_MORPHOGENESIS	http://www.gsea-msigdb.org/gsea/msigdb/cards/GO_REGULATION_OF_CELL_MORPHOGENESIS	4.0519072068490643E-4	0.044402149808387664	36	90	DOCK5 ILK F11R PPP1R9A ARHGAP4 CAPZB KIF13B DNM1L FGA DBNL ARAP1 UNC13D DNM2 CTTN MAP1B RAPGEF2 MYH9 TNIK ALDOA SHANK3 DBN1 MACF1 SRC EPB41 CXCR4 ARHGAP15 KALRN RTN4 SLC9A3R1 EPB41L3 FLNA PAK2 MARK2 MSN PARVB CASS4
GO_NEGATIVE_REGULATION_OF_SUPRAMOLECULAR_FIBER_ORGANIZATION	http://www.gsea-msigdb.org/gsea/msigdb/cards/GO_NEGATIVE_REGULATION_OF_SUPRAMOLECULAR_FIBER_ORGANIZATION	4.5889947011684397E-4	0.04827622425629199	21	44	TWF1 F11R PPP1R9A ADD3 ARHGAP6 LIMA1 CAPZB TMSB4X STMN1 PPFIA1 PAK2 SPTBN1 CLASP1 SVIL PRKCD ARAP1 SPTB MAP1B TAOK1 ARHGEF2 SHANK3
GO_NEGATIVE_REGULATION_OF_CYTOSKELETON_ORGANIZATION	http://www.gsea-msigdb.org/gsea/msigdb/cards/GO_NEGATIVE_REGULATION_OF_CYTOSKELETON_ORGANIZATION	4.5889947011684397E-4	0.046419446400280756	21	44	TWF1 F11R PPP1R9A ADD3 ARHGAP6 LIMA1 CAPZB TMSB4X STMN1 PPFIA1 PAK2 SPTBN1 CLASP1 SVIL PRKCD ARAP1 SPTB MAP1B TAOK1 ARHGEF2 SHANK3
GO_REGULATION_OF_ANATOMICAL_STRUCTURE_MORPHOGENESIS	http://www.gsea-msigdb.org/gsea/msigdb/cards/GO_REGULATION_OF_ANATOMICAL_STRUCTURE_MORPHOGENESIS	5.346856099855289E-4	0.052082339046738556	54	152	SERPINE1 F11R PRKCB UNC13D CLDN5 DAAM1 STIM1 MAP1B TNIK MACF1 EPB41 ARHGAP15 KALRN RTN4 SLC9A3R1 TBXA2R EPB41L3 MBP MARK2 MSN NFATC2 PARVB DAB2 RGCC WNK1 CASS4 DOCK5 ILK HSPB1 PPP1R9A ARHGAP4 AKAP13 CAPZB KIF13B DNM1L FGA DBNL ARAP1 DNM2 INF2 CTTN RAPGEF2 MYH9 ALDOA SHANK3 DBN1 SRC ROCK2 CXCR4 FLNA PAK2 CLASP1 HUWE1 MAPK14
GO_POSITIVE_REGULATION_OF_CELL_DEVELOPMENT	http://www.gsea-msigdb.org/gsea/msigdb/cards/GO_POSITIVE_REGULATION_OF_CELL_DEVELOPMENT	5.633295544896434E-4	0.05291274029670579	30	72	DOCK5 ILK F11R PPP1R9A DNM1L SCARF1 NCK1 FGA DBNL UNC13D DNM2 CLDN5 MAP1B NUMB RAPGEF2 ARHGEF2 IL6ST SHANK3 DBN1 MACF1 TWF1 CXCR4 KALRN FLNA MARK2 SPAG9 NAP1L1 PDE3A CASS4 EIF4G1
GO_ACTIN_FILAMENT	http://www.gsea-msigdb.org/gsea/msigdb/cards/GO_ACTIN_FILAMENT	5.868290238557909E-4	0.053219321818645866	18	36	WIPF1 SRC TWF1 ARHGAP6 EHBP1 AKAP13 FLNA GAS2L1 MARK2 DBNL MYO5A PAWR MYO9B SHROOM4 CD2AP SMTN CTTN DBN1
GO_POSITIVE_REGULATION_OF_DEVELOPMENTAL_PROCESS	http://www.gsea-msigdb.org/gsea/msigdb/cards/GO_POSITIVE_REGULATION_OF_DEVELOPMENTAL_PROCESS	5.869528718536689E-4	0.0514562017658383	53	149	SERPINE1 F11R MAP3K5 PRKCB UNC13D CLDN5 STIM1 MAP1B IL6ST MACF1 TWF1 STK4 KALRN RTN4 SAV1 MTM1 TBXA2R RIPK1 MARK2 NFATC2 DAB2 RGCC PDE3A CASS4 EIF4G1 DOCK5 TGFB1I1 ILK HSPB1 PPP1R9A DNM1L SCARF1 CLIC1 NCK1 FGA DBNL SYK TFE3 PAWR DNM2 ITPKB NUMB RAPGEF2 ARHGEF2 SHANK3 DBN1 SRC CXCR4 FLNA CLASP1 SPAG9 NAP1L1 MAPK14
GO_REGULATION_OF_ACTIN_FILAMENT_BASED_PROCESS	http://www.gsea-msigdb.org/gsea/msigdb/cards/GO_REGULATION_OF_ACTIN_FILAMENT_BASED_PROCESS	6.265854855070772E-4	0.053158704093019774	37	95	FHOD1 ILK F11R PPP1R9A ARHGAP6 AKAP13 CAPZB TMSB4X STMN1 PPFIA1 NCK1 ARHGEF10 DBNL PRKCD ARAP1 SPTB CD2AP CTTN PKP2 MYH9 SHANK3 DBN1 ARF6 CAMK2D ROCK2 TWF1 ADD3 SLC9A1 LIMA1 FLNA PAK2 SPTBN1 CLASP1 VASP SVIL RGCC TAOK1
GO_REGULATION_OF_NERVOUS_SYSTEM_DEVELOPMENT	http://www.gsea-msigdb.org/gsea/msigdb/cards/GO_REGULATION_OF_NERVOUS_SYSTEM_DEVELOPMENT	6.265854855070772E-4	0.05149749459011291	37	95	APP GSK3A ILK PPP1R9A ARHGAP4 EIF4ENIF1 KIF13B DNM1L PRKACB SCARF1 NCK1 DBNL DNM2 CTTN MAP1B NUMB RAPGEF2 ARHGEF2 TNIK IL6ST SHANK3 DBN1 ARF6 MACF1 TWF1 CXCR4 ASAP1 KALRN RTN4 FLNA PAK2 CAMK2G MARK2 SPAG9 RAP1GAP2 NAP1L1 EIF4G1
GO_NEGATIVE_REGULATION_OF_ORGANELLE_ORGANIZATION	http://www.gsea-msigdb.org/gsea/msigdb/cards/GO_NEGATIVE_REGULATION_OF_ORGANELLE_ORGANIZATION	7.468373415342563E-4	0.05952067297682103	30	73	F11R PPP1R9A ARHGAP6 CAPZB TMSB4X STMN1 PPFIA1 DNM1L PRKCD ARAP1 SPTB DNM2 TOM1L1 DYNC1LI1 MAP1B ARHGEF2 SEC22B SHANK3 SRC TWF1 ADD3 MTM1 LIMA1 PAK2 SPTBN1 CLASP1 SVIL HUWE1 RGCC TAOK1
GO_POSITIVE_REGULATION_OF_CYTOKINE_PRODUCTION_INVOLVED_IN_IMMUNE_RESPONSE	http://www.gsea-msigdb.org/gsea/msigdb/cards/GO_POSITIVE_REGULATION_OF_CYTOKINE_PRODUCTION_INVOLVED_IN_IMMUNE_RESPONSE	8.098528794339687E-4	0.0703857429037464	5	5	MAVS FCER1G CD226 TNFRSF14 MAP3K7
GO_REGULATION_OF_PLASMA_MEMBRANE_ORGANIZATION	http://www.gsea-msigdb.org/gsea/msigdb/cards/GO_REGULATION_OF_PLASMA_MEMBRANE_ORGANIZATION	8.098528794339687E-4	0.06837472167792508	5	5	PRKCD MYH9 ASAP1 SYTL4 DNM2
GO_MICROTUBULE	http://www.gsea-msigdb.org/gsea/msigdb/cards/GO_MICROTUBULE	8.210479441652253E-4	0.06739435208356225	28	67	GSK3A BICD1 ARHGAP4 STMN1 KIF13B CEP170 DNM1L PARP4 CKAP5 DNM2 DYNC1LI1 CLIP2 STIM1 KIF2A MAP1B MAP1A ARHGEF2 MACF1 SLAIN2 GAS2L1 CLASP1 SVIL ARFGEF2 NDE1 NCKAP5L MYO5A SYNJ1 TUBGCP3
GO_MICROTUBULE_END	http://www.gsea-msigdb.org/gsea/msigdb/cards/GO_MICROTUBULE_END	8.91274018720689E-4	0.07118147906269287	8	11	SVIL CLIP2 NCKAP5L MYO5A SLAIN2 GAS2L1 CKAP5 CLASP1
GO_REGULATION_OF_SUPRAMOLECULAR_FIBER_ORGANIZATION	http://www.gsea-msigdb.org/gsea/msigdb/cards/GO_REGULATION_OF_SUPRAMOLECULAR_FIBER_ORGANIZATION	9.316592122102849E-4	0.07244876242319452	38	100	APP FHOD1 F11R STMN1 PPFIA1 PRKCD MAP1B MAP1A TWF1 SLAIN2 SLC9A1 SPTBN1 VASP RGCC PPP1R9A ARHGAP6 AKAP13 CAPZB TMSB4X NCK1 ARHGEF10 DBNL ARAP1 SPTB CKAP5 CTTN ARHGEF2 SHANK3 DBN1 ARF6 ROCK2 ADD3 LIMA1 FLNA PAK2 CLASP1 SVIL TAOK1
GO_CELLULAR_PROTEIN_COMPLEX_DISASSEMBLY	http://www.gsea-msigdb.org/gsea/msigdb/cards/GO_CELLULAR_PROTEIN_COMPLEX_DISASSEMBLY	9.326958284193729E-4	0.07066964546100633	19	40	VPS4B TWF1 ADD3 LIMA1 CAPZB STMN1 SPTBN1 CLASP1 SH3GL1 SVIL NCKAP5L SPTB CKAP5 KIF2A SYNJ1 MAP1B TAOK1 MAP1A ARHGEF2
GO_REGULATION_OF_CELL_PROJECTION_ORGANIZATION	http://www.gsea-msigdb.org/gsea/msigdb/cards/GO_REGULATION_OF_CELL_PROJECTION_ORGANIZATION	9.855019692240326E-4	0.0728039579764254	34	87	GSK3A ILK FNBP1L PPP1R9A ARHGAP4 DOCK11 CAPZB KIF13B DNM1L SCARF1 NCK1 DBNL PRKCD ARAP1 DNM2 CTTN MAP1B RAPGEF2 TNIK SHANK3 DBN1 ARF6 MACF1 SRC HTT TWF1 CXCR4 ASAP1 KALRN RTN4 PAK2 CAMK2G MARK2 RAP1GAP2
GO_REGULATION_OF_FILOPODIUM_ASSEMBLY	http://www.gsea-msigdb.org/gsea/msigdb/cards/GO_REGULATION_OF_FILOPODIUM_ASSEMBLY	0.0010424425940879743	0.07513214306170644	7	9	DOCK11 CAPZB PRKCD ARAP1 FNBP1L PPP1R9A ARF6
GO_MICROTUBULE_PLUS_END	http://www.gsea-msigdb.org/gsea/msigdb/cards/GO_MICROTUBULE_PLUS_END	0.0010424425940879743	0.0733432825126182	7	9	CLIP2 NCKAP5L MYO5A SLAIN2 GAS2L1 CKAP5 CLASP1
GO_PODOSOME_ASSEMBLY	http://www.gsea-msigdb.org/gsea/msigdb/cards/GO_PODOSOME_ASSEMBLY	0.0010778911026786291	0.07407367926547323	6	7	DBNL BIN2 SRC MSN ASAP1 ARHGEF2
GO_CELL_CELL_JUNCTION	http://www.gsea-msigdb.org/gsea/msigdb/cards/GO_CELL_CELL_JUNCTION	0.0010838234817779051	0.07278859974212977	36	94	APP FHOD1 ILK F11R NCK1 PRKCD SCRIB FRMD4B SHROOM4 CD2AP CLDN5 ADAM17 PKP2 RAPGEF2 MYH9 LCP2 ARHGEF2 TLN1 DBN1 VCL TWF1 NEXN ADD3 SAV1 SLC9A1 EPB41L3 FLNA PAK2 VASP CDC42BPB CDC42BPA TJAP1 PIKFYVE ZYX LAT TJP2
GO_PLATELET_AGGREGATION	http://www.gsea-msigdb.org/gsea/msigdb/cards/GO_PLATELET_AGGREGATION	0.0010934550034245921	0.07180354522488155	15	29	HSPB1 ILK PEAR1 F11R UBASH3B FLNA CLIC1 FGA SYK PRKCD MYH9 PRKCQ TLN1 VCL FERMT3
GO_BIOLOGICAL_ADHESION	http://www.gsea-msigdb.org/gsea/msigdb/cards/GO_BIOLOGICAL_ADHESION	0.001503306463783775	0.09657110001045774	63	190	APP CD84 SERPINE1 TESK2 F11R SLK UBASH3B PPFIA1 PRKCD SCRIB UNC13D CD2AP CLDN5 ADAM17 PKP2 CD226 PRKCQ IL6ST TLN1 VCL MACF1 SHC1 STK4 SLC9A1 MBP TNFRSF14 MSN PARVB RGCC WNK1 CASS4 FERMT3 DOCK5 TGFB1I1 ILK HSPB1 PEAR1 ARHGAP6 SPN SCARF1 CLIC1 NCK1 FGA SYK TFE3 PAWR MTSS1 DNM2 ITPKB ADORA2A CTTN MYH9 ARF6 SRC ROCK2 NEXN CXCR4 FLNA PAK2 CLASP1 MAPK14 ZYX TJP2
GO_MICROTUBULE_DEPOLYMERIZATION	http://www.gsea-msigdb.org/gsea/msigdb/cards/GO_MICROTUBULE_DEPOLYMERIZATION	0.0015819368963769765	0.09946007508072267	9	14	NCKAP5L CKAP5 KIF2A MAP1B TAOK1 STMN1 MAP1A ARHGEF2 CLASP1
GO_NEGATIVE_REGULATION_OF_ACTIN_FILAMENT_BUNDLE_ASSEMBLY	http://www.gsea-msigdb.org/gsea/msigdb/cards/GO_NEGATIVE_REGULATION_OF_ACTIN_FILAMENT_BUNDLE_ASSEMBLY	0.0015819368963769765	0.09738799018320761	9	14	ARAP1 F11R PPP1R9A ARHGAP6 STMN1 PPFIA1 PAK2 SHANK3 CLASP1
GO_CELL_PROJECTION_ASSEMBLY	http://www.gsea-msigdb.org/gsea/msigdb/cards/GO_CELL_PROJECTION_ASSEMBLY	0.0016469526868058784	0.09932133039819124	30	76	FNBP1L PPP1R9A MYLK DOCK11 CAPZB OPHN1 NCK1 DBNL PRKCD ARAP1 CKAP5 MTSS1 CD2AP DNM2 CTTN RAPGEF2 TNIK VCL ARF6 ARHGEF6 SRC HTT TWF1 ASAP1 SLC9A3R1 ABLIM3 FLNA CLASP1 NDE1 PARVB
GO_MICROTUBULE_CYTOSKELETON	http://www.gsea-msigdb.org/gsea/msigdb/cards/GO_MICROTUBULE_CYTOSKELETON	0.0016642444793576263	0.09835684873003572	57	169	APP FRY STMN1 PRKACB DYNC1LI1 CLIP2 DAAM1 STIM1 MAP1B MAPKAPK2 MAP1A PRKCQ MACF1 TSG101 EPB41 SLAIN2 GAS2L1 RAP1GAP2 ANKRD26 MYO5A SMTN RGCC SYNJ1 TUBGCP3 CDK16 GSK3A HSPB1 BICD1 ARHGAP4 KIF13B CEP170 DNM1L ARHGEF10 PARP4 EXOC7 CKAP5 DNM2 CTTN KIF2A ALS2 MYH9 ARHGEF2 RABGAP1 ROCK2 VPS4B HTT EHBP1 CLASP1 SPAG9 MPP1 ARFGEF2 SVIL NDE1 NCKAP5L MAPK14 TAOK1 TACC1
GO_CELL_LEADING_EDGE	http://www.gsea-msigdb.org/gsea/msigdb/cards/GO_CELL_LEADING_EDGE	0.0017152496107766724	0.09938358038911896	41	113	APP WIPF1 MYLK SLK SCRIB FRMD4B CD2AP ACAP2 ADAM17 TLN1 MACF1 TWF1 RASGRP2 MTM1 SLC9A1 SLC9A3R1 EPB41L3 SPTBN1 VASP MYO5A PARVB ILK PPP1R9A DBNL KSR1 MTSS1 DNM2 ADORA2A CTTN ALS2 MYH9 ARHGEF2 DBN1 ARF6 ARHGEF6 SRC CXCR4 LIMA1 ABLIM3 CDC42BPB CDC42BPA
GO_REGULATION_OF_CYTOSKELETON_ORGANIZATION	http://www.gsea-msigdb.org/gsea/msigdb/cards/GO_REGULATION_OF_CYTOSKELETON_ORGANIZATION	0.0017818653067276477	0.10125792271884998	45	127	FHOD1 F11R STMN1 PPFIA1 PRKCD AFAP1 CD2AP MAP1B MAP1A TWF1 SLAIN2 SLC9A1 GAS2L1 SPTBN1 MARK2 VASP RGCC ILK PPP1R9A ARHGAP6 BICD1 AKAP13 CAPZB TMSB4X NCK1 ARHGEF10 DBNL ARAP1 SPTB CKAP5 CTTN ARHGEF2 SHANK3 DBN1 ARF6 ROCK2 VPS4B NEXN ADD3 LIMA1 FLNA PAK2 CLASP1 SVIL TAOK1
GO_CORTICAL_ACTIN_CYTOSKELETON	http://www.gsea-msigdb.org/gsea/msigdb/cards/GO_CORTICAL_ACTIN_CYTOSKELETON	0.0019467678548227606	0.10854149077360863	12	22	DBNL PRKCB PPP1R9A SPTB SHROOM4 AKAP13 CLDN5 CTTN CALD1 MYH9 DBN1 SPTBN1
GO_CELL_ADHESION_MOLECULE_BINDING	http://www.gsea-msigdb.org/gsea/msigdb/cards/GO_CELL_ADHESION_MOLECULE_BINDING	0.0019587999704716334	0.10718988727303104	48	138	F11R FNBP1L GOLGA3 SLK MPRIP SH3GL1 SCRIB GAPVD1 CD2AP ADAM17 PKP2 CD226 TLN1 VCL MACF1 TWF1 RTN4 CALD1 PCBP1 SPTBN1 MARK2 VASP MSN HNRNPK DHX29 FERMT3 ILK CAPZB CLIC1 NCK1 FGA DBNL SYK CKAP5 CTTN NUMB MYH9 ALDOA DBN1 PLEC SRC NEXN ASAP1 LIMA1 FLNA PAK2 CCS TJP2
GO_REGULATION_OF_CELLULAR_COMPONENT_BIOGENESIS	http://www.gsea-msigdb.org/gsea/msigdb/cards/GO_REGULATION_OF_CELLULAR_COMPONENT_BIOGENESIS	0.0020150221428774464	0.10826164422187007	55	163	APP FHOD1 F11R FNBP1L DOCK11 SLK STMN1 PPFIA1 PRKCD CLDN5 MAP1B VCL MACF1 TSG101 TWF1 SLAIN2 SLC9A1 MTM1 G3BP1 SPTBN1 VASP MSN RGCC EIF4G1 PPP1R9A ARHGAP6 AKAP13 CAPZB TMSB4X NCK1 ARHGEF10 DBNL SYK ARAP1 SPTB CKAP5 DNM2 CTTN RAPGEF2 ARHGEF2 SEC22B SHANK3 DBN1 ARF6 SRC ROCK2 VPS4B HTT ASAP1 ADD3 FLNA PAK2 CLASP1 SVIL PIKFYVE
GO_CADHERIN_BINDING	http://www.gsea-msigdb.org/gsea/msigdb/cards/GO_CADHERIN_BINDING	0.002280582536080652	0.12034145346639868	40	111	F11R FNBP1L GOLGA3 SLK MPRIP SH3GL1 SCRIB GAPVD1 CD2AP PKP2 TLN1 VCL MACF1 TWF1 RTN4 CALD1 PCBP1 SPTBN1 MARK2 VASP HNRNPK DHX29 CAPZB CLIC1 NCK1 DBNL CKAP5 CTTN NUMB MYH9 ALDOA DBN1 PLEC SRC ASAP1 LIMA1 FLNA PAK2 CCS TJP2
GO_REGULATION_OF_CELL_MORPHOGENESIS_INVOLVED_IN_DIFFERENTIATION	http://www.gsea-msigdb.org/gsea/msigdb/cards/GO_REGULATION_OF_CELL_MORPHOGENESIS_INVOLVED_IN_DIFFERENTIATION	0.0024154840669461924	0.12522377926010522	23	55	DOCK5 ILK PPP1R9A ARHGAP4 KIF13B DNM1L FGA DBNL UNC13D DNM2 CTTN MAP1B RAPGEF2 TNIK SHANK3 DBN1 MACF1 KALRN RTN4 FLNA PAK2 MARK2 CASS4
GO_ACTIN_FILAMENT_BINDING	http://www.gsea-msigdb.org/gsea/msigdb/cards/GO_ACTIN_FILAMENT_BINDING	0.0024154840669461924	0.12306474858320686	23	55	FHOD1 PPP1R9A SAMD14 MPRIP CAPZB DBNL SPTB SHROOM4 CTTN MYH9 TLN1 DBN1 MACF1 TWF1 NEXN ADD3 LIMA1 ABLIM3 FLNA GAS2L1 SVIL ZNF185 MYO5A
GO_RUFFLE	http://www.gsea-msigdb.org/gsea/msigdb/cards/GO_RUFFLE	0.0024154840669461924	0.12097890538688133	23	55	WIPF1 DBNL KSR1 FRMD4B MTSS1 CD2AP DNM2 ACAP2 ADAM17 CTTN ALS2 MYH9 ARHGEF2 TLN1 ARF6 MACF1 SRC TWF1 RASGRP2 MTM1 SLC9A3R1 LIMA1 MYO5A
GO_CELL_MORPHOGENESIS	http://www.gsea-msigdb.org/gsea/msigdb/cards/GO_CELL_MORPHOGENESIS	0.0024418538108020686	0.12026130018200187	58	175	APP F11R FRY OPHN1 STMN1 SCRIB UNC13D MAP1B MAP1A PRKCQ TNIK VCL MACF1 SHC1 EPB41 ARHGAP15 STK4 KALRN RTN4 SLC9A3R1 EPB41L3 SPTBN1 MARK2 VASP MSN NBEAL2 PARVB CASS4 FERMT3 DOCK5 ILK PPP1R9A ARHGAP4 CAPZB KIF13B DNM1L FGA DBNL ARAP1 SPTB DNM2 ADORA2A CTTN ALS2 NUMB RAPGEF2 MYH9 ARHGEF2 ALDOA SHANK3 DBN1 SRC NEXN CXCR4 FLNA PAK2 MAPK14 TAOK1
GO_REGULATION_OF_NEURON_PROJECTION_DEVELOPMENT	http://www.gsea-msigdb.org/gsea/msigdb/cards/GO_REGULATION_OF_NEURON_PROJECTION_DEVELOPMENT	0.002560623706906816	0.12404332875261706	27	68	GSK3A ILK PPP1R9A ARHGAP4 KIF13B DNM1L SCARF1 NCK1 DBNL DNM2 CTTN MAP1B RAPGEF2 TNIK SHANK3 DBN1 ARF6 MACF1 TWF1 CXCR4 ASAP1 KALRN RTN4 PAK2 CAMK2G MARK2 RAP1GAP2
GO_CELL_PROJECTION_ORGANIZATION	http://www.gsea-msigdb.org/gsea/msigdb/cards/GO_CELL_PROJECTION_ORGANIZATION	0.002606101394294076	0.12421015516353216	68	212	APP FNBP1L MYLK SAMD14 OPHN1 STMN1 PRKCD SCRIB CD2AP MAP1B MAP1A PRKCQ MACF1 TWF1 KALRN EPB41L3 SPTBN1 VASP PARVB CDK16 ARHGAP4 KIF13B DBNL MTSS1 CTTN RAPGEF2 DBN1 ARHGEF6 ARF6 NEXN HTT CXCR4 LIMA1 FLNA PAK2 NDE1 TAOK1 FRY DOCK11 TBC1D23 TNIK VCL SHC1 RTN4 SLC9A3R1 MARK2 RAP1GAP2 GSK3A ILK PPP1R9A CAPZB DNM1L SCARF1 NCK1 ARAP1 SPTB CKAP5 DNM2 ADORA2A ALS2 NUMB MYH9 SHANK3 SRC ASAP1 ABLIM3 CAMK2G CLASP1
GO_STRUCTURAL_CONSTITUENT_OF_CYTOSKELETON	http://www.gsea-msigdb.org/gsea/msigdb/cards/GO_STRUCTURAL_CONSTITUENT_OF_CYTOSKELETON	0.0027739215899020577	0.1301101317168346	11	20	EPB41 MSN ADD3 BICD1 SPTB CD2AP EPB41L3 TUBGCP3 TLN1 SPTBN1 PLEC
GO_PROTEIN_SERINE_THREONINE_KINASE_ACTIVITY	http://www.gsea-msigdb.org/gsea/msigdb/cards/GO_PROTEIN_SERINE_THREONINE_KINASE_ACTIVITY	0.0030210089327156846	0.139485646815232	39	109	ARAF TESK2 MYLK SLK PRKACB MAP3K7 MAP3K5 MAP2K4 PRKCB PRKCD MAPKAPK2 PRKCQ TNIK STK4 KALRN RIPK1 MARK3 MARK2 CDK17 PHKB WNK1 CDK16 GSK3A ILK AKAP13 MAP4K2 KSR1 SYK OXSR1 BMP2K CAMK2D ROCK2 PAK2 CAMK2G CDC42BPB CDC42BPA MAPK14 BCKDK TAOK1
GO_PLASMA_MEMBRANE_ORGANIZATION	http://www.gsea-msigdb.org/gsea/msigdb/cards/GO_PLASMA_MEMBRANE_ORGANIZATION	0.0031997933929616357	0.14546753040310204	12	23	PRKCD CXCR4 ASAP1 FNBP1L SYTL4 MTSS1 DNM2 SLC9A3R1 BIN2 EPB41L3 MYH9 SPTBN1
GO_REGULATION_OF_TRANSPORT	http://www.gsea-msigdb.org/gsea/msigdb/cards/GO_REGULATION_OF_TRANSPORT	0.0032806452865612886	0.1468834366937668	74	236	APP SERPINE1 MYLK CNST OPHN1 UBASH3B NUP214 PRKCB PRKCD SCRIB GAPVD1 SYTL4 UNC13D CD2AP MAP1B EPB41 KALRN ARPP19 UBE2J1 STXBP5 MYO5A HNRNPK WNK1 CDK16 STON2 TMSB4X ENSA CLIC1 GIT1 GRIPAP1 FCER1G SYK ARF6 HTT CXCR4 FLNA HUWE1 SNX17 CD84 SH3GL1 F2R STIM1 FRMD8 PKP2 TSG101 ITPR1 SLC9A1 SLC9A3R1 RIPK1 SEC16A MSN DAB2 MAVS RGCC GSK3A PPP1R9A BICD1 DNM1L FGA OXSR1 DNM2 DNAJC1 ADORA2A BMP2K NUMB DOCK2 SHANK3 CAMK2D SRC VPS4B ABLIM3 CAMK2G CLASP1 MAPK14
GO_POSITIVE_REGULATION_OF_NERVOUS_SYSTEM_DEVELOPMENT	http://www.gsea-msigdb.org/gsea/msigdb/cards/GO_POSITIVE_REGULATION_OF_NERVOUS_SYSTEM_DEVELOPMENT	0.0033583157892140576	0.14811676353921702	22	53	ILK PPP1R9A DNM1L SCARF1 NCK1 DBNL MAP1B NUMB RAPGEF2 ARHGEF2 IL6ST SHANK3 DBN1 MACF1 TWF1 CXCR4 KALRN FLNA MARK2 SPAG9 NAP1L1 EIF4G1
GO_ACTOMYOSIN_STRUCTURE_ORGANIZATION	http://www.gsea-msigdb.org/gsea/msigdb/cards/GO_ACTOMYOSIN_STRUCTURE_ORGANIZATION	0.003504139612344034	0.15227547874230324	21	50	FHOD1 F11R PPP1R9A ARHGAP6 AKAP13 STMN1 PPFIA1 ARHGEF10 ARAP1 MYH9 EPB41 SRC ROCK2 SLC9A1 EPB41L3 PAK2 CLASP1 CDC42BPB CDC42BPA RGCC ZYX
GO_MICROTUBULE_POLYMERIZATION_OR_DEPOLYMERIZATION	http://www.gsea-msigdb.org/gsea/msigdb/cards/GO_MICROTUBULE_POLYMERIZATION_OR_DEPOLYMERIZATION	0.0035108974809760552	0.15035800081571368	13	26	SLAIN2 STMN1 GAS2L1 CLASP1 NDE1 NCKAP5L CKAP5 KIF2A MAP1B TAOK1 MAP1A TUBGCP3 ARHGEF2
GO_ACTOMYOSIN	http://www.gsea-msigdb.org/gsea/msigdb/cards/GO_ACTOMYOSIN	0.0035108974809760552	0.1482100293754892	13	26	FHOD1 ILK MYLK LIMA1 ABLIM3 MYO5A CDC42BPB CDC42BPA SHROOM4 DAAM1 ZYX MYH9 DBN1
GO_CELL_JUNCTION_ASSEMBLY	http://www.gsea-msigdb.org/gsea/msigdb/cards/GO_CELL_JUNCTION_ASSEMBLY	0.0036225277783651587	0.1507685857051978	29	76	APP TESK2 ILK F11R PPP1R9A ARHGAP6 SLK OPHN1 DBNL CLDN5 CTTN MAP1B PKP2 RAPGEF2 TLN1 SHANK3 VCL ARF6 PLEC MACF1 SRC ROCK2 SLC9A1 EPB41L3 FLNA PAK2 CLASP1 VASP EIF4G1
GO_REGULATION_OF_GROWTH	http://www.gsea-msigdb.org/gsea/msigdb/cards/GO_REGULATION_OF_GROWTH	0.0036225277783651587	0.14867457757040337	29	76	APP GSK3A ILK ARHGAP4 KIAA1109 DBNL DNM2 ADAM17 CTTN MAP1B PRKCQ DBN1 MACF1 CAMK2D TSG101 SHC1 CXCR4 RASGRP2 STK4 RTN4 MTM1 SAV1 SLC9A1 EPB41L3 VPS54 RIPK1 PAK2 MAPK14 EIF4G1
GO_ACTIN_FILAMENT_BUNDLE_ORGANIZATION	http://www.gsea-msigdb.org/gsea/msigdb/cards/GO_ACTIN_FILAMENT_BUNDLE_ORGANIZATION	0.003636408854075935	0.14719983786019708	20	47	SRC ROCK2 FHOD1 F11R PPP1R9A ADD3 ARHGAP6 SLC9A1 LIMA1 STMN1 PPFIA1 FLNA PAK2 CLASP1 ARHGEF10 PAWR ARAP1 RGCC ZYX SHANK3
GO_EPITHELIAL_CELL_DEVELOPMENT	http://www.gsea-msigdb.org/gsea/msigdb/cards/GO_EPITHELIAL_CELL_DEVELOPMENT	0.003719981622887574	0.1485479148058484	14	29	GSK3A SRC ROCK2 CXCR4 F11R SLC9A3R1 FLNA MSN SCRIB CLDN5 RAPGEF2 IL6ST VCL TJP2
GO_DEVELOPMENTAL_CELL_GROWTH	http://www.gsea-msigdb.org/gsea/msigdb/cards/GO_DEVELOPMENTAL_CELL_GROWTH	0.0038424681653716824	0.1513932457156443	15	32	APP MACF1 GSK3A CXCR4 ILK RTN4 ARHGAP4 AKAP13 MAP2K4 DBNL DNM2 CTTN MAP1B DBN1 VCL
GO_POSITIVE_REGULATION_OF_DENDRITE_MORPHOGENESIS	http://www.gsea-msigdb.org/gsea/msigdb/cards/GO_POSITIVE_REGULATION_OF_DENDRITE_MORPHOGENESIS	0.003891535276625416	0.15130903608458032	5	6	DBNL ILK DNM1L KALRN DBN1
GO_CELL_MORPHOGENESIS_INVOLVED_IN_DIFFERENTIATION	http://www.gsea-msigdb.org/gsea/msigdb/cards/GO_CELL_MORPHOGENESIS_INVOLVED_IN_DIFFERENTIATION	0.004007836441902332	0.1538072296859921	44	128	APP OPHN1 STMN1 SCRIB UNC13D MAP1B MAP1A PRKCQ TNIK VCL MACF1 SHC1 KALRN RTN4 SLC9A3R1 SPTBN1 MARK2 VASP NBEAL2 PARVB CASS4 FERMT3 DOCK5 ILK PPP1R9A ARHGAP4 KIF13B DNM1L FGA DBNL SPTB DNM2 CTTN ALS2 NUMB RAPGEF2 MYH9 SHANK3 DBN1 SRC CXCR4 NEXN FLNA PAK2
GO_REGULATION_OF_ACTIN_FILAMENT_ORGANIZATION	http://www.gsea-msigdb.org/gsea/msigdb/cards/GO_REGULATION_OF_ACTIN_FILAMENT_ORGANIZATION	0.004205328679736366	0.15931725959770462	30	80	FHOD1 F11R PPP1R9A ARHGAP6 CAPZB TMSB4X STMN1 PPFIA1 NCK1 ARHGEF10 DBNL PRKCD ARAP1 SPTB CTTN SHANK3 DBN1 ARF6 ROCK2 TWF1 ADD3 SLC9A1 LIMA1 FLNA PAK2 SPTBN1 CLASP1 VASP SVIL RGCC
GO_REGULATION_OF_PROTEIN_KINASE_ACTIVITY	http://www.gsea-msigdb.org/gsea/msigdb/cards/GO_REGULATION_OF_PROTEIN_KINASE_ACTIVITY	0.004335935940432424	0.16218595827820018	45	132	APP UBASH3B PRKACB MAP3K7 MAP3K5 MAP2K4 PRKCD F2R TOM1L1 ADAM17 CCNY MAPKAPK2 TNIK TSG101 SHC1 AGAP2 STK4 SLC9A3R1 RIPK1 MARK2 RGCC WNK1 CASS4 TAB3 LAT ILK HSPB1 PPP1R9A AKAP13 NCK1 MAP4K2 DBNL KSR1 SYK ADORA2A ALS2 RAPGEF2 LCP2 SRC HTT CXCR4 PAK2 SPAG9 MAPK14 TAOK1
GO_SECOND_MESSENGER_MEDIATED_SIGNALING	http://www.gsea-msigdb.org/gsea/msigdb/cards/GO_SECOND_MESSENGER_MEDIATED_SIGNALING	0.004658869830501596	0.1720870043641527	21	51	GSK3A PPP1R9A AKAP13 SAMD14 KSR1 SYK ADORA2A RAPGEF2 CAMK2D ITPR1 HTT CXCR4 SLC9A1 SLC9A3R1 TBXA2R EIF4EBP2 NFATC2 MYO5A NFATC1 PDE3A LAT
GO_CELL_SUBSTRATE_JUNCTION	http://www.gsea-msigdb.org/gsea/msigdb/cards/GO_CELL_SUBSTRATE_JUNCTION	0.004801851262231199	0.17517864789991594	38	108	SLC4A2 MPRIP PPFIA1 AFAP1 ADAM17 TLN1 VCL TWF1 SLC9A1 G3BP1 VASP MSN PARVB DAB2 HNRNPK CASS4 FERMT3 TGFB1I1 HSPB1 ILK GIT1 SHROOM4 DNM2 CTTN NUMB MYH9 ARHGEF2 ARF6 PLEC SRC NEXN LIMA1 FLNA CLASP1 SVIL ZNF185 PTPN12 ZYX
GO_GROWTH	http://www.gsea-msigdb.org/gsea/msigdb/cards/GO_GROWTH	0.0051605227593642285	0.1859676189502597	35	98	APP KIAA1109 MAP2K4 ADAM17 MAP1B PRKCQ VCL MACF1 TSG101 SHC1 RASGRP2 STK4 RTN4 SAV1 SLC9A1 MTM1 EPB41L3 RIPK1 EIF4G1 GSK3A ILK ARHGAP4 AKAP13 DBNL DNM2 CTTN SHANK3 DBN1 CAMK2D SRC CXCR4 VPS54 PAK2 PTPN12 MAPK14
GO_ENZYME_ACTIVATOR_ACTIVITY	http://www.gsea-msigdb.org/gsea/msigdb/cards/GO_ENZYME_ACTIVATOR_ACTIVITY	0.005268416659621749	0.18756832806243698	39	112	APP OPHN1 PRKCD WRNIP1 GAPVD1 TOM1L1 ACAP2 AGAP2 ARHGAP15 STK4 ARHGAP21 STXBP5 MARK2 RAP1GAP2 ARHGAP25 RGCC WNK1 DOCK5 ARHGAP6 ARHGAP4 SH3PXD2A DNM1L GIT1 DBNL ARAP1 TBC1D1 DNAJC1 RABEP1 RASA3 ALS2 RAPGEF2 DOCK2 ARHGEF6 RGS18 RABGAP1 ASAP1 PAK2 MYO9B TAOK1
GO_REGULATION_OF_DEVELOPMENTAL_GROWTH	http://www.gsea-msigdb.org/gsea/msigdb/cards/GO_REGULATION_OF_DEVELOPMENTAL_GROWTH	0.005398768113478166	0.18992094970628548	17	39	APP MACF1 GSK3A CXCR4 ILK STK4 RTN4 ARHGAP4 MTM1 SAV1 RIPK1 DBNL MAPK14 DNM2 CTTN MAP1B DBN1
GO_REGULATION_OF_ACTIN_FILAMENT_BUNDLE_ASSEMBLY	http://www.gsea-msigdb.org/gsea/msigdb/cards/GO_REGULATION_OF_ACTIN_FILAMENT_BUNDLE_ASSEMBLY	0.005525714873757417	0.19209985237591964	15	33	ROCK2 FHOD1 F11R PPP1R9A ARHGAP6 SLC9A1 STMN1 PPFIA1 FLNA PAK2 CLASP1 ARHGEF10 ARAP1 RGCC SHANK3
GO_REGULATION_OF_ORGANELLE_ORGANIZATION	http://www.gsea-msigdb.org/gsea/msigdb/cards/GO_REGULATION_OF_ORGANELLE_ORGANIZATION	0.00563168212652187	0.19350721725432704	67	214	F11R STMN1 PRKCD AFAP1 CD2AP DYNC1LI1 MAP1B MAP1A PRKCQ TWF1 SLAIN2 SPTBN1 VASP PDE3A ARHGAP6 AKAP13 TMSB4X DBNL INF2 CTTN ARHGEF2 DBN1 ARF6 HTT NEXN LIMA1 FLNA PAK2 SVIL HUWE1 TAOK1 FHOD1 PPFIA1 TOM1L1 TSG101 SLC9A1 MTM1 G3BP1 GAS2L1 MARK2 MSN MAVS RGCC SYNJ1 GSK3A ILK PPP1R9A BICD1 CAPZB DNM1L NCK1 ARHGEF10 ARAP1 SPTB CKAP5 DNM2 SEC22B SHANK3 CAMK2D SRC ROCK2 VPS4B ASAP1 ADD3 ABLIM3 CLASP1 PIKFYVE
GO_G_PROTEIN_COUPLED_RECEPTOR_SIGNALING_PATHWAY_COUPLED_TO_CYCLIC_NUCLEOTIDE_SECOND_MESSENGER	http://www.gsea-msigdb.org/gsea/msigdb/cards/GO_G_PROTEIN_COUPLED_RECEPTOR_SIGNALING_PATHWAY_COUPLED_TO_CYCLIC_NUCLEOTIDE_SECOND_MESSENGER	0.005639776589111146	0.19155792897498203	9	16	GSK3A GRIK3 AKAP13 SLC9A3R1 ADORA2A TBXA2R RAPGEF2 FLNA PRKACB
GO_KINASE_ACTIVATOR_ACTIVITY	http://www.gsea-msigdb.org/gsea/msigdb/cards/GO_KINASE_ACTIVATOR_ACTIVITY	0.005639776589111146	0.18938113432753906	9	16	AGAP2 STK4 TOM1L1 RGCC ALS2 WNK1 TAOK1 PAK2 MARK2
GO_FILOPODIUM_ASSEMBLY	http://www.gsea-msigdb.org/gsea/msigdb/cards/GO_FILOPODIUM_ASSEMBLY	0.006022652058068938	0.19996558237745743	7	11	DOCK11 CAPZB PRKCD ARAP1 FNBP1L PPP1R9A ARF6
GO_MUSCLE_SYSTEM_PROCESS	http://www.gsea-msigdb.org/gsea/msigdb/cards/GO_MUSCLE_SYSTEM_PROCESS	0.006112735230255587	0.20070147339339178	21	52	DOCK5 GSK3A MYLK AKAP13 MAP2K4 F2R CTTN PKP2 IL6ST TLN1 ALDOA VCL CAMK2D ROCK2 CXCR4 SLC9A1 TBXA2R CALD1 FLNA CAMK2G SMTN
GO_RESPONSE_TO_WOUNDING	http://www.gsea-msigdb.org/gsea/msigdb/cards/GO_RESPONSE_TO_WOUNDING	0.006229314642470685	0.20228159086264696	41	120	SERPINE1 F13A1 F11R MYLK DOCK11 UBASH3B PRKACB MAP3K5 MAP2K4 PRKCB PRKCD F2R SCRIB SYTL4 ADAM17 MAP1B PRKCQ TLN1 VCL MACF1 ITPR1 TBXA2R TREML1 FERMT3 HSPB1 ILK PEAR1 CAPZB CLIC1 SCARF1 FGA FCER1G SYK ADORA2A MYH9 LCP2 PLEC SRC CXCR4 FLNA CLASP1
GO_POSITIVE_REGULATION_OF_PROTEIN_KINASE_ACTIVITY	http://www.gsea-msigdb.org/gsea/msigdb/cards/GO_POSITIVE_REGULATION_OF_PROTEIN_KINASE_ACTIVITY	0.006284159921965143	0.20184448445007608	37	106	PRKACB MAP3K7 MAP3K5 MAP2K4 PRKCD F2R TOM1L1 ADAM17 CCNY MAPKAPK2 TNIK SHC1 AGAP2 STK4 RIPK1 MARK2 RGCC WNK1 CASS4 TAB3 LAT ILK PPP1R9A AKAP13 MAP4K2 DBNL KSR1 SYK ALS2 RAPGEF2 LCP2 SRC CXCR4 PAK2 SPAG9 MAPK14 TAOK1
GO_EPITHELIAL_CELL_DIFFERENTIATION	http://www.gsea-msigdb.org/gsea/msigdb/cards/GO_EPITHELIAL_CELL_DIFFERENTIATION	0.006513795974519855	0.20697061402909858	24	62	GSK3A TGFB1I1 SERPINE1 F11R KIAA1109 OPHN1 SCRIB MTSS1 CLDN5 PKP2 RAPGEF2 IL6ST VCL TSG101 SRC ROCK2 CXCR4 STK4 SAV1 SLC9A3R1 FLNA MSN DAB2 TJP2
GO_VESICLE_MEDIATED_TRANSPORT_TO_THE_PLASMA_MEMBRANE	http://www.gsea-msigdb.org/gsea/msigdb/cards/GO_VESICLE_MEDIATED_TRANSPORT_TO_THE_PLASMA_MEMBRANE	0.006585274722285886	0.20701581706760416	10	19	GRIPAP1 MACF1 ARFGEF2 SEC16A SCRIB DNM2 CNST RABEP1 SNX17 SPTBN1
GO_NEUROGENESIS	http://www.gsea-msigdb.org/gsea/msigdb/cards/GO_NEUROGENESIS	0.006680657029445369	0.20780359496853754	61	193	APP SAMD14 OPHN1 STMN1 ANKS1A SCRIB MAP1B MAP1A PRKCQ MACF1 TWF1 KALRN EPB41L3 SPTBN1 VASP WNK1 CDK16 ARHGAP4 KIF13B DBNL CTTN RAPGEF2 ARHGEF2 DBN1 ARF6 NEXN CXCR4 FLNA PAK2 NDE1 TAOK1 FRY EIF4ENIF1 TBC1D23 TNIK IL6ST VCL SHC1 RTN4 SLC9A3R1 MARK2 RAP1GAP2 EIF4G1 GSK3A ILK PPP1R9A DNM1L SCARF1 NCK1 ARHGEF10 SPTB DNM2 ADORA2A ALS2 NUMB SHANK3 SRC ASAP1 CAMK2G SPAG9 NAP1L1
GO_CELL_JUNCTION_ORGANIZATION	http://www.gsea-msigdb.org/gsea/msigdb/cards/GO_CELL_JUNCTION_ORGANIZATION	0.006814322973867915	0.20975337903937177	40	117	APP TESK2 F11R SLK OPHN1 PPFIA1 F2R CLDN5 MAP1B PKP2 TLN1 VCL MACF1 KALRN SLC9A1 EPB41L3 VASP MYO5A EIF4G1 ILK PPP1R9A ARHGAP6 DNM1L GRIPAP1 DBNL CTTN ALS2 NUMB RAPGEF2 SHANK3 DBN1 ARF6 PLEC SRC ROCK2 FLNA PAK2 CLASP1 MAPK14 TJP2
GO_NEURON_DIFFERENTIATION	http://www.gsea-msigdb.org/gsea/msigdb/cards/GO_NEURON_DIFFERENTIATION	0.007097707305037377	0.2162239699627366	56	175	APP FRY EIF4ENIF1 SAMD14 OPHN1 STMN1 ANKS1A SCRIB MAP1B MAP1A PRKCQ TBC1D23 TNIK VCL MACF1 SHC1 TWF1 KALRN RTN4 SLC9A3R1 EPB41L3 SPTBN1 MARK2 VASP RAP1GAP2 WNK1 CDK16 EIF4G1 GSK3A ILK PPP1R9A ARHGAP4 KIF13B DNM1L SCARF1 NCK1 DBNL SPTB DNM2 ADORA2A CTTN ALS2 NUMB RAPGEF2 ARHGEF2 SHANK3 DBN1 ARF6 SRC NEXN CXCR4 ASAP1 PAK2 CAMK2G SPAG9 TAOK1
GO_PROTEIN_LOCALIZATION_TO_PLASMA_MEMBRANE	http://www.gsea-msigdb.org/gsea/msigdb/cards/GO_PROTEIN_LOCALIZATION_TO_PLASMA_MEMBRANE	0.00709859135196574	0.21404425964345675	26	69	F11R CNST PPFIA1 GRIPAP1 FCER1G TTC7B SCRIB FAM126B FAM126A PACS2 PACS1 PKP2 NUMB RAPGEF2 TNIK ARF6 MACF1 ROCK2 SLC9A3R1 EPB41L3 FLNA SPTBN1 SEC16A DENND4C MYO5A DAB2
GO_NEGATIVE_REGULATION_OF_PROTEIN_CONTAINING_COMPLEX_DISASSEMBLY	http://www.gsea-msigdb.org/gsea/msigdb/cards/GO_NEGATIVE_REGULATION_OF_PROTEIN_CONTAINING_COMPLEX_DISASSEMBLY	0.007226123706072179	0.21568884395397261	11	22	SVIL TWF1 ADD3 SPTB LIMA1 CAPZB MAP1B TAOK1 ARHGEF2 CLASP1 SPTBN1
GO_PLATELET_ACTIVATION	http://www.gsea-msigdb.org/gsea/msigdb/cards/GO_PLATELET_ACTIVATION	0.00743779565365961	0.21978686156564148	22	56	HSPB1 ILK F11R PEAR1 UBASH3B CLIC1 FGA FCER1G SYK PRKCB F2R PRKCD MYH9 PRKCQ LCP2 TLN1 VCL SRC ITPR1 FLNA TREML1 FERMT3
GO_POSITIVE_REGULATION_OF_CATALYTIC_ACTIVITY	http://www.gsea-msigdb.org/gsea/msigdb/cards/GO_POSITIVE_REGULATION_OF_CATALYTIC_ACTIVITY	0.0074692338809458775	0.21853055562569373	77	254	APP F11R OPHN1 PRKACB PRKCD SCRIB GAPVD1 CCNY PRKCQ AGAP2 KALRN STXBP5 WNK1 ARHGAP6 ARHGAP4 AKAP13 SH3PXD2A TMSB4X GIT1 MAP4K2 DBNL SYK RAPGEF2 ARHGEF6 RABGAP1 CXCR4 PAK2 MYO9B TAOK1 DOCK11 MAP3K7 MAP3K5 MAP2K4 F2R WRNIP1 TOM1L1 ACAP2 ADAM17 STIM1 MAPKAPK2 TNIK SHC1 RASGRP2 ARHGAP15 STK4 ARHGAP21 MBP RIPK1 MARK2 RAP1GAP2 ARHGAP25 RGCC CASS4 TAB3 LAT DOCK5 GSK3A ILK PPP1R9A DNM1L ARHGEF10 KSR1 ARAP1 TBC1D1 DNAJC1 RABEP1 ALS2 RASA3 LCP2 DOCK2 RGS18 SRC ROCK2 ASAP1 SPAG9 MAPK14 CCS
GO_CELL_MORPHOGENESIS_INVOLVED_IN_NEURON_DIFFERENTIATION	http://www.gsea-msigdb.org/gsea/msigdb/cards/GO_CELL_MORPHOGENESIS_INVOLVED_IN_NEURON_DIFFERENTIATION	0.007484841231891469	0.2168402533356793	35	100	APP OPHN1 STMN1 SCRIB MAP1B MAP1A PRKCQ TNIK VCL MACF1 SHC1 KALRN RTN4 SLC9A3R1 SPTBN1 MARK2 VASP ILK PPP1R9A ARHGAP4 KIF13B DNM1L DBNL SPTB DNM2 CTTN ALS2 NUMB RAPGEF2 SHANK3 DBN1 SRC CXCR4 NEXN PAK2
GO_PROTEIN_LOCALIZATION_TO_CELL_PERIPHERY	http://www.gsea-msigdb.org/gsea/msigdb/cards/GO_PROTEIN_LOCALIZATION_TO_CELL_PERIPHERY	0.0075404763045081764	0.21633114058079284	28	76	F11R CNST PPFIA1 GRIPAP1 FCER1G TTC7B SCRIB FAM126B FAM126A RABEP1 PACS2 PACS1 PKP2 NUMB RAPGEF2 TNIK ARF6 MACF1 EPB41 ROCK2 SLC9A3R1 EPB41L3 FLNA SPTBN1 SEC16A DENND4C MYO5A DAB2
GO_REGULATION_OF_ACTOMYOSIN_STRUCTURE_ORGANIZATION	http://www.gsea-msigdb.org/gsea/msigdb/cards/GO_REGULATION_OF_ACTOMYOSIN_STRUCTURE_ORGANIZATION	0.007840550839551977	0.22277718971996238	14	31	ROCK2 FHOD1 F11R PPP1R9A ARHGAP6 SLC9A1 AKAP13 STMN1 PPFIA1 PAK2 CLASP1 ARHGEF10 ARAP1 RGCC
GO_ACTIVATION_OF_MAPK_ACTIVITY	http://www.gsea-msigdb.org/gsea/msigdb/cards/GO_ACTIVATION_OF_MAPK_ACTIVITY	0.007840550839551977	0.22065550219881988	14	31	SHC1 CXCR4 RIPK1 MAP3K7 MAP3K5 SPAG9 MAP2K4 MAP4K2 DBNL SYK MAPK14 TAOK1 MAPKAPK2 TAB3
GO_POSITIVE_REGULATION_OF_CELL_PROJECTION_ORGANIZATION	http://www.gsea-msigdb.org/gsea/msigdb/cards/GO_POSITIVE_REGULATION_OF_CELL_PROJECTION_ORGANIZATION	0.007920322988439102	0.22079768330978816	21	53	ILK FNBP1L PPP1R9A DOCK11 DNM1L SCARF1 NCK1 DBNL ARAP1 DNM2 MAP1B RAPGEF2 SHANK3 DBN1 MACF1 SRC HTT TWF1 CXCR4 KALRN MARK2
GO_POSITIVE_REGULATION_OF_TRANSPORTER_ACTIVITY	http://www.gsea-msigdb.org/gsea/msigdb/cards/GO_POSITIVE_REGULATION_OF_TRANSPORTER_ACTIVITY	0.008048858277805548	0.2222838898216392	8	14	PRKCD HTT SLC9A1 DNM2 STIM1 WNK1 TMSB4X SHANK3
GO_WOUND_HEALING	http://www.gsea-msigdb.org/gsea/msigdb/cards/GO_WOUND_HEALING	0.008146849022975237	0.22290684132307245	38	111	SERPINE1 F13A1 F11R MYLK DOCK11 UBASH3B PRKACB MAP3K5 PRKCB PRKCD F2R SCRIB SYTL4 ADAM17 PRKCQ TLN1 VCL MACF1 ITPR1 TBXA2R TREML1 FERMT3 HSPB1 ILK PEAR1 CAPZB CLIC1 FGA FCER1G SYK ADORA2A MYH9 LCP2 PLEC SRC CXCR4 FLNA CLASP1
GO_ESTABLISHMENT_OF_EPITHELIAL_CELL_POLARITY	http://www.gsea-msigdb.org/gsea/msigdb/cards/GO_ESTABLISHMENT_OF_EPITHELIAL_CELL_POLARITY	0.008219798806188502	0.22283949974575248	6	9	SLC9A3R1 OPHN1 MSN FRMD4B CLASP1 ARF6
GO_POSITIVE_REGULATION_OF_PROTEIN_SERINE_THREONINE_KINASE_ACTIVITY	http://www.gsea-msigdb.org/gsea/msigdb/cards/GO_POSITIVE_REGULATION_OF_PROTEIN_SERINE_THREONINE_KINASE_ACTIVITY	0.008824360678893639	0.23705441641937003	26	70	ILK AKAP13 MAP3K7 MAP3K5 MAP4K2 MAP2K4 DBNL SYK KSR1 F2R ADAM17 CCNY ALS2 MAPKAPK2 RAPGEF2 TNIK SHC1 SRC CXCR4 STK4 RIPK1 SPAG9 MAPK14 RGCC TAOK1 TAB3
GO_NEURON_DEVELOPMENT	http://www.gsea-msigdb.org/gsea/msigdb/cards/GO_NEURON_DEVELOPMENT	0.008940848611613192	0.2380198887145674	52	162	APP FRY SAMD14 OPHN1 STMN1 ANKS1A SCRIB MAP1B MAP1A PRKCQ TBC1D23 TNIK VCL MACF1 SHC1 TWF1 KALRN RTN4 SLC9A3R1 EPB41L3 SPTBN1 MARK2 VASP RAP1GAP2 WNK1 CDK16 GSK3A ILK PPP1R9A ARHGAP4 KIF13B DNM1L SCARF1 NCK1 DBNL SPTB DNM2 ADORA2A CTTN ALS2 NUMB RAPGEF2 SHANK3 DBN1 ARF6 SRC NEXN CXCR4 ASAP1 PAK2 CAMK2G TAOK1
GO_POSITIVE_REGULATION_OF_NEURON_DIFFERENTIATION	http://www.gsea-msigdb.org/gsea/msigdb/cards/GO_POSITIVE_REGULATION_OF_NEURON_DIFFERENTIATION	0.009386798566652008	0.2476606228969347	18	44	MACF1 TWF1 CXCR4 ILK PPP1R9A KALRN DNM1L SCARF1 MARK2 NCK1 SPAG9 DBNL MAP1B RAPGEF2 ARHGEF2 SHANK3 DBN1 EIF4G1
GO_STRUCTURAL_MOLECULE_ACTIVITY	http://www.gsea-msigdb.org/gsea/msigdb/cards/GO_STRUCTURAL_MOLECULE_ACTIVITY	0.009474250556022478	0.24775584418625152	22	57	BICD1 NUP214 FGA SPTB CD2AP CLDN5 MAP1B MAP1A TLN1 VCL PLEC MACF1 ROCK2 EPB41 NEXN ADD3 EPB41L3 MBP SPTBN1 MSN SMTN TUBGCP3
GO_REGULATION_OF_EXTENT_OF_CELL_GROWTH	http://www.gsea-msigdb.org/gsea/msigdb/cards/GO_REGULATION_OF_EXTENT_OF_CELL_GROWTH	0.009476714284329458	0.2456464097385399	9	17	MACF1 DBNL ILK RTN4 ARHGAP4 DNM2 CTTN MAP1B DBN1
GO_ESTABLISHMENT_OR_MAINTENANCE_OF_CELL_POLARITY	http://www.gsea-msigdb.org/gsea/msigdb/cards/GO_ESTABLISHMENT_OR_MAINTENANCE_OF_CELL_POLARITY	0.01014091902795663	0.26057752806618995	21	54	ILK SPN OPHN1 SCRIB FRMD4B CKAP5 MAP1B MYH9 ARHGEF2 DOCK2 ARF6 ROCK2 HTT SLC9A1 SLC9A3R1 MARK2 CLASP1 NDE1 MSN PARVB CDC42BPB
GO_CELL_GROWTH	http://www.gsea-msigdb.org/gsea/msigdb/cards/GO_CELL_GROWTH	0.010288204752296073	0.2620831469227146	24	64	APP GSK3A ILK ARHGAP4 AKAP13 KIAA1109 MAP2K4 DBNL DNM2 ADAM17 CTTN MAP1B PRKCQ DBN1 VCL MACF1 CAMK2D TSG101 CXCR4 RASGRP2 RTN4 SLC9A1 EPB41L3 EIF4G1
GO_CHANNEL_REGULATOR_ACTIVITY	http://www.gsea-msigdb.org/gsea/msigdb/cards/GO_CHANNEL_REGULATOR_ACTIVITY	0.010396627854669726	0.262581498380761	10	20	CAMK2D PRKCB ITPR1 ARPP19 SLC9A3R1 STIM1 WNK1 ENSA PKP2 FLNA
GO_POSITIVE_REGULATION_OF_JUN_KINASE_ACTIVITY	http://www.gsea-msigdb.org/gsea/msigdb/cards/GO_POSITIVE_REGULATION_OF_JUN_KINASE_ACTIVITY	0.010396627854669726	0.2603562314453308	10	20	SPAG9 MAP4K2 MAP2K4 DBNL SYK TAOK1 RIPK1 TNIK MAP3K7 MAP3K5
GO_PRESYNAPTIC_ENDOCYTOSIS	http://www.gsea-msigdb.org/gsea/msigdb/cards/GO_PRESYNAPTIC_ENDOCYTOSIS	0.010396627854669726	0.2581683639541936	10	20	SCRIB STON2 DNM2 KIAA1109 OPHN1 SYNJ1 CANX DNM1L SH3GL1 ARF6
GO_DEFENSE_RESPONSE_TO_BACTERIUM	http://www.gsea-msigdb.org/gsea/msigdb/cards/GO_DEFENSE_RESPONSE_TO_BACTERIUM	0.010396627854669726	0.256016960921242	10	20	FGA FCER1G SYK SHC1 SERPINE1 PRKCD SPN ADAM17 MAVS TNFRSF14
GO_STRESS_FIBER_ASSEMBLY	http://www.gsea-msigdb.org/gsea/msigdb/cards/GO_STRESS_FIBER_ASSEMBLY	0.01065761401784589	0.26027478861764136	15	35	SRC ROCK2 FHOD1 F11R PPP1R9A ARHGAP6 SLC9A1 STMN1 PPFIA1 PAK2 CLASP1 ARHGEF10 ARAP1 RGCC ZYX
GO_REGULATION_OF_CELL_JUNCTION_ASSEMBLY	http://www.gsea-msigdb.org/gsea/msigdb/cards/GO_REGULATION_OF_CELL_JUNCTION_ASSEMBLY	0.01065761401784589	0.2581413887109394	15	35	APP MACF1 SRC ROCK2 F11R PPP1R9A ARHGAP6 SLC9A1 SLK CLASP1 CLDN5 RAPGEF2 VCL ARF6 EIF4G1
GO_CELL_CORTEX	http://www.gsea-msigdb.org/gsea/msigdb/cards/GO_CELL_CORTEX	0.010880102802317621	0.2613878356166551	26	71	EXOC3L4 FNBP1L FRY PPP1R9A AKAP13 FGA DBNL PRKCB EXOC7 SPTB SHROOM4 CLDN5 BIN2 CTTN STIM1 MYH9 DBN1 ARF6 EPB41 ADD3 CALD1 FLNA SPTBN1 CLASP1 MPP1 MYO9B
GO_POSITIVE_REGULATION_OF_TUMOR_NECROSIS_FACTOR_SUPERFAMILY_CYTOKINE_PRODUCTION	http://www.gsea-msigdb.org/gsea/msigdb/cards/GO_POSITIVE_REGULATION_OF_TUMOR_NECROSIS_FACTOR_SUPERFAMILY_CYTOKINE_PRODUCTION	0.010916926493090224	0.2601574015087227	11	23	APP ARFGEF2 FCER1G SYK HSPB1 SPN MAVS FRMD8 MAPKAPK2 RIPK1 ARHGEF2
GO_PROFILIN_BINDING	http://www.gsea-msigdb.org/gsea/msigdb/cards/GO_PROFILIN_BINDING	0.010925645711492397	0.2582822646196803	5	7	VASP CTTN WIPF1 HTT DBN1
GO_ESTABLISHMENT_OR_MAINTENANCE_OF_MONOPOLAR_CELL_POLARITY	http://www.gsea-msigdb.org/gsea/msigdb/cards/GO_ESTABLISHMENT_OR_MAINTENANCE_OF_MONOPOLAR_CELL_POLARITY	0.010925645711492397	0.25623240537666697	5	7	SLC9A3R1 OPHN1 MAP1B MSN SCRIB
GO_TUMOR_NECROSIS_FACTOR_SUPERFAMILY_CYTOKINE_PRODUCTION	http://www.gsea-msigdb.org/gsea/msigdb/cards/GO_TUMOR_NECROSIS_FACTOR_SUPERFAMILY_CYTOKINE_PRODUCTION	0.011124428364815567	0.25884004581125986	13	29	APP HSPB1 UBE2J1 SPN RIPK1 ARFGEF2 FCER1G SYK MAVS FRMD8 MAPKAPK2 TBC1D23 ARHGEF2
GO_REGULATION_OF_PROTEIN_DEPOLYMERIZATION	http://www.gsea-msigdb.org/gsea/msigdb/cards/GO_REGULATION_OF_PROTEIN_DEPOLYMERIZATION	0.011133607927608521	0.25702977676627486	12	26	TWF1 ADD3 LIMA1 CAPZB CLASP1 SPTBN1 SVIL SPTB MAP1B TAOK1 MAP1A ARHGEF2
GO_REGULATION_OF_ENDOCYTOSIS	http://www.gsea-msigdb.org/gsea/msigdb/cards/GO_REGULATION_OF_ENDOCYTOSIS	0.012258739372530006	0.2808106577195827	18	45	TSG101 SRC SERPINE1 STON2 BICD1 OPHN1 DNM1L SH3GL1 SYK SCRIB CD2AP DNM2 DAB2 HNRNPK SNX17 BMP2K NUMB ARF6
GO_NEGATIVE_REGULATION_OF_CELLULAR_COMPONENT_ORGANIZATION	http://www.gsea-msigdb.org/gsea/msigdb/cards/GO_NEGATIVE_REGULATION_OF_CELLULAR_COMPONENT_ORGANIZATION	0.013253338859812457	0.30125858715958315	38	114	F11R STMN1 PPFIA1 PRKCD TOM1L1 DYNC1LI1 MAP1B TWF1 RTN4 MTM1 SPTBN1 RAP1GAP2 RGCC GSK3A PPP1R9A ARHGAP6 ARHGAP4 CAPZB TMSB4X DNM1L ARAP1 SPTB DNM2 RAPGEF2 ARHGEF2 SEC22B SHANK3 ARF6 SRC ROCK2 ASAP1 ADD3 LIMA1 PAK2 CLASP1 SVIL HUWE1 TAOK1
GO_REGULATION_OF_PODOSOME_ASSEMBLY	http://www.gsea-msigdb.org/gsea/msigdb/cards/GO_REGULATION_OF_PODOSOME_ASSEMBLY	0.013662466836321177	0.3081877061170159	4	5	SRC MSN ASAP1 ARHGEF2
GO_POSITIVE_REGULATION_OF_DENDRITIC_SPINE_MORPHOGENESIS	http://www.gsea-msigdb.org/gsea/msigdb/cards/GO_POSITIVE_REGULATION_OF_DENDRITIC_SPINE_MORPHOGENESIS	0.013662466836321177	0.30585295076764457	4	5	DBNL DNM1L KALRN DBN1
GO_SUPEROXIDE_METABOLIC_PROCESS	http://www.gsea-msigdb.org/gsea/msigdb/cards/GO_SUPEROXIDE_METABOLIC_PROCESS	0.013662466836321177	0.30355330452127127	4	5	CCS SH3PXD2A SYK PRKCD
GO_CARDIAC_MUSCLE_CELL_CONTRACTION	http://www.gsea-msigdb.org/gsea/msigdb/cards/GO_CARDIAC_MUSCLE_CELL_CONTRACTION	0.013662466836321177	0.3012879813532021	4	5	CAMK2D PKP2 FLNA SLC9A1
GO_SUBSTRATE_DEPENDENT_CELL_MIGRATION_CELL_EXTENSION	http://www.gsea-msigdb.org/gsea/msigdb/cards/GO_SUBSTRATE_DEPENDENT_CELL_MIGRATION_CELL_EXTENSION	0.013662466836321177	0.29905621852836356	4	5	CTTN OPHN1 CD2AP NCK1
GO_MAIN_AXON	http://www.gsea-msigdb.org/gsea/msigdb/cards/GO_MAIN_AXON	0.013678758507639483	0.2972112602211373	8	15	APP ADORA2A MAP1B MAP1A EPB41L3 KIF13B MBP SPTBN1
GO_ACTIVATION_OF_JUN_KINASE_ACTIVITY	http://www.gsea-msigdb.org/gsea/msigdb/cards/GO_ACTIVATION_OF_JUN_KINASE_ACTIVITY	0.013678758507639483	0.2950418349640487	8	15	SPAG9 MAP4K2 MAP2K4 DBNL SYK TAOK1 RIPK1 MAP3K5
GO_CELL_PROJECTION_MEMBRANE	http://www.gsea-msigdb.org/gsea/msigdb/cards/GO_CELL_PROJECTION_MEMBRANE	0.014764521190405232	0.3161533341858512	19	49	KSR1 DNM2 ADAM17 ADORA2A ARHGEF2 TLN1 SHANK3 ARF6 MACF1 SRC TWF1 ASAP1 RASGRP2 LIMA1 SLC9A3R1 EPB41L3 SPTBN1 VASP MSN
GO_ACTIVATION_OF_PROTEIN_KINASE_ACTIVITY	http://www.gsea-msigdb.org/gsea/msigdb/cards/GO_ACTIVATION_OF_PROTEIN_KINASE_ACTIVITY	0.014853980219975131	0.31578065863328425	27	76	PRKACB MAP3K7 MAP3K5 MAP4K2 MAP2K4 DBNL SYK KSR1 PRKCD F2R TOM1L1 MAPKAPK2 TNIK SHC1 SRC AGAP2 CXCR4 STK4 RIPK1 PAK2 MARK2 SPAG9 MAPK14 RGCC WNK1 TAOK1 TAB3
GO_NEURON_PROJECTION	http://www.gsea-msigdb.org/gsea/msigdb/cards/GO_NEURON_PROJECTION	0.014913991593642647	0.314791751137243	55	177	APP SAMD14 OPHN1 STMN1 PPFIA1 ANKS1A MAP2K4 PRKCB MAP1B MAP1A IL6ST RASGRP2 SAV1 SLC9A3R1 EPB41L3 MBP MARK3 SPTBN1 MARK2 RAP1GAP2 MYO5A SYNJ1 CDK16 GSK3A GRIK3 ILK HSPB1 STON2 PPP1R9A ARHGAP4 KIF13B GIT1 GRIPAP1 DBNL EXOC7 FAM126A DNM2 ADORA2A CTTN ALS2 CANX RAPGEF2 ARHGEF2 SHANK3 DBN1 CAMK2D SRC HTT NEXN ASAP1 FLNA CAMK2G CNNM4 MPP1 ARFGEF2
GO_REGULATION_OF_TRANSFERASE_ACTIVITY	http://www.gsea-msigdb.org/gsea/msigdb/cards/GO_REGULATION_OF_TRANSFERASE_ACTIVITY	0.015355440551913234	0.32181082858796883	49	155	APP UBASH3B PRKACB MAP3K7 MAP3K5 MAP2K4 PRKCD F2R TOM1L1 ADAM17 CCNY MAPKAPK2 PRKCQ TNIK TSG101 SHC1 AGAP2 STK4 SLC9A3R1 RIPK1 MARK2 RGCC WNK1 CASS4 TAB3 LAT GSK3A ILK HSPB1 PPP1R9A AKAP13 DNM1L NCK1 MAP4K2 DBNL PARP4 KSR1 SYK ADORA2A ALS2 RAPGEF2 LCP2 SRC HTT CXCR4 PAK2 SPAG9 MAPK14 TAOK1
GO_CELL_PART_MORPHOGENESIS	http://www.gsea-msigdb.org/gsea/msigdb/cards/GO_CELL_PART_MORPHOGENESIS	0.015450116856991717	0.32151475572120086	38	115	APP PANK2 OPHN1 STMN1 MAP1B MAP1A PRKCQ TNIK VCL MACF1 SHC1 KALRN RTN4 MTM1 EPB41L3 SPTBN1 MARK2 VASP ILK PPP1R9A ARHGAP4 KIF13B DNM1L DBNL SPTB DNM2 ADORA2A CTTN ALS2 NUMB RAPGEF2 SHANK3 DBN1 SRC CXCR4 NEXN PAK2 TAOK1
GO_REGULATION_OF_JUN_KINASE_ACTIVITY	http://www.gsea-msigdb.org/gsea/msigdb/cards/GO_REGULATION_OF_JUN_KINASE_ACTIVITY	0.015678611558508124	0.3239880919957448	10	21	SPAG9 MAP4K2 MAP2K4 DBNL SYK TAOK1 RIPK1 TNIK MAP3K7 MAP3K5
GO_POSITIVE_REGULATION_OF_EXOCYTOSIS	http://www.gsea-msigdb.org/gsea/msigdb/cards/GO_POSITIVE_REGULATION_OF_EXOCYTOSIS	0.015678611558508124	0.3217381746902188	10	21	FGA FCER1G TSG101 SYK VPS4B SYTL4 UNC13D STXBP5 DNM1L CLASP1
GO_REGULATION_OF_AXONOGENESIS	http://www.gsea-msigdb.org/gsea/msigdb/cards/GO_REGULATION_OF_AXONOGENESIS	0.015784667224271555	0.3216806320532582	12	27	MACF1 ILK RTN4 ARHGAP4 KIF13B PAK2 MARK2 DBNL DNM2 CTTN MAP1B DBN1
GO_DEVELOPMENTAL_GROWTH_INVOLVED_IN_MORPHOGENESIS	http://www.gsea-msigdb.org/gsea/msigdb/cards/GO_DEVELOPMENTAL_GROWTH_INVOLVED_IN_MORPHOGENESIS	0.015784667224271555	0.3194773400528934	12	27	APP MACF1 CXCR4 ILK RTN4 ARHGAP4 DBNL DNM2 CTTN MAP1B DBN1 VCL
GO_REGULATION_OF_RECEPTOR_MEDIATED_ENDOCYTOSIS	http://www.gsea-msigdb.org/gsea/msigdb/cards/GO_REGULATION_OF_RECEPTOR_MEDIATED_ENDOCYTOSIS	0.015784667224271555	0.31730402481443837	12	27	SERPINE1 BICD1 OPHN1 SYK SCRIB CD2AP DNM2 DAB2 HNRNPK BMP2K NUMB ARF6
GO_SYNAPTIC_VESICLE_RECYCLING	http://www.gsea-msigdb.org/gsea/msigdb/cards/GO_SYNAPTIC_VESICLE_RECYCLING	0.015895690232235277	0.3173767880828057	11	24	STON2 KIAA1109 OPHN1 DNM1L SH3GL1 GRIPAP1 SCRIB DNM2 SYNJ1 CANX ARF6
GO_POSITIVE_REGULATION_OF_T_CELL_MIGRATION	http://www.gsea-msigdb.org/gsea/msigdb/cards/GO_POSITIVE_REGULATION_OF_T_CELL_MIGRATION	0.01641365251138208	0.3255190816854634	6	10	SPN APP ADAM17 WNK1 TNFRSF14 OXSR1
GO_CYTOPLASMIC_MICROTUBULE_ORGANIZATION	http://www.gsea-msigdb.org/gsea/msigdb/cards/GO_CYTOPLASMIC_MICROTUBULE_ORGANIZATION	0.01641365251138208	0.32334895447422696	6	10	CLIP2 SLK VPS4B SLAIN2 TUBGCP3 CLASP1
GO_HEART_GROWTH	http://www.gsea-msigdb.org/gsea/msigdb/cards/GO_HEART_GROWTH	0.01641365251138208	0.32120757066976185	6	10	MAP2K4 AKAP13 GSK3A RIPK1 MAPK14 SAV1
GO_ESTABLISHMENT_OR_MAINTENANCE_OF_BIPOLAR_CELL_POLARITY	http://www.gsea-msigdb.org/gsea/msigdb/cards/GO_ESTABLISHMENT_OR_MAINTENANCE_OF_BIPOLAR_CELL_POLARITY	0.01641365251138208	0.31909436296798716	6	10	SLC9A3R1 OPHN1 ILK MSN SCRIB MARK2
GO_PROTEIN_CONTAINING_COMPLEX_DISASSEMBLY	http://www.gsea-msigdb.org/gsea/msigdb/cards/GO_PROTEIN_CONTAINING_COMPLEX_DISASSEMBLY	0.017331802231736984	0.3347416705541359	20	53	CAPZB STMN1 SH3GL1 SPTB CKAP5 KIF2A MAP1B MAP1A ARHGEF2 TSG101 VPS4B TWF1 ADD3 LIMA1 SPTBN1 CLASP1 SVIL NCKAP5L SYNJ1 TAOK1
GO_POSITIVE_REGULATION_OF_RNA_BIOSYNTHETIC_PROCESS	http://www.gsea-msigdb.org/gsea/msigdb/cards/GO_POSITIVE_REGULATION_OF_RNA_BIOSYNTHETIC_PROCESS	0.017878844246027217	0.34306483601954824	31	91	APP CRTC2 GSK3A FHOD1 TGFB1I1 SERPINE1 ILK NUCKS1 MAP3K5 NCK1 PRKCB F2R TFE3 DNM2 ARHGEF2 TSG101 SHC1 SRC SLC9A1 ABLIM3 PCBP1 RIPK1 NFATC2 NFATC1 MAPK14 DAB2 MAVS HNRNPK RGCC TACC1 LPIN2
GO_MUSCLE_CONTRACTION	http://www.gsea-msigdb.org/gsea/msigdb/cards/GO_MUSCLE_CONTRACTION	0.017894779163204182	0.34115530598237653	16	40	DOCK5 CAMK2D ROCK2 CXCR4 MYLK SLC9A1 TBXA2R CALD1 FLNA F2R SMTN CTTN PKP2 TLN1 ALDOA VCL
GO_CELL_MOTILITY	http://www.gsea-msigdb.org/gsea/msigdb/cards/GO_CELL_MOTILITY	0.017931385444007873	0.3396618204297645	66	220	APP SERPINE1 F11R MYLK OPHN1 ANKS1A PRKCD SCRIB CD2AP CLDN5 BIN2 MAP1B PRKCQ MACF1 NFATC2 WNK1 FERMT3 ARHGAP4 TMSB4X FCER1G SYK CTTN KIF2A RAPGEF2 ARHGEF2 ARF6 NEXN CXCR4 LIMA1 FLNA MPP1 NDE1 CD84 SLK F2R ADAM17 VCL SHC1 STK4 RTN4 SLC9A1 SLC9A3R1 TBXA2R TNFRSF14 MARK2 MSN DAB2 RGCC CASS4 DOCK5 GSK3A ILK HSPB1 SPN DNM1L NCK1 OXSR1 NUMB MYH9 SRC ROCK2 CLASP1 SPAG9 CDC42BPB MAPK14 CDC42BPA
GO_AXON_DEVELOPMENT	http://www.gsea-msigdb.org/gsea/msigdb/cards/GO_AXON_DEVELOPMENT	0.01796572504778764	0.3381446975554935	29	84	APP ILK ARHGAP4 OPHN1 STMN1 KIF13B SCARF1 DBNL SPTB DNM2 CTTN ALS2 MAP1B MAP1A NUMB PRKCQ SHANK3 DBN1 VCL MACF1 SHC1 SRC CXCR4 NEXN RTN4 PAK2 SPTBN1 MARK2 VASP
GO_NEURON_TO_NEURON_SYNAPSE	http://www.gsea-msigdb.org/gsea/msigdb/cards/GO_NEURON_TO_NEURON_SYNAPSE	0.018407676527695434	0.34427015278063294	22	60	PPP1R9A SAMD14 SH3GL1 DBNL SCRIB DNM2 ADORA2A ALS2 MAP1B ARHGEF2 TNIK SHANK3 DBN1 EPB41 SRC ITPR1 ADD3 RTN4 EPB41L3 PAK2 SPTBN1 ARFGEF2
GO_POSITIVE_REGULATION_OF_CELLULAR_BIOSYNTHETIC_PROCESS	http://www.gsea-msigdb.org/gsea/msigdb/cards/GO_POSITIVE_REGULATION_OF_CELLULAR_BIOSYNTHETIC_PROCESS	0.018411335653945746	0.3421729362101238	44	138	APP CRTC2 FHOD1 SERPINE1 NUCKS1 MAP3K5 MAP2K4 PRKCB PRKCD F2R MAPKAPK2 PRKCQ TSG101 SHC1 AGAP2 ARPP19 SLC9A1 PCBP1 RIPK1 NFATC2 NFATC1 DAB2 MAVS HNRNPK RGCC DHX29 EIF4G1 GSK3A TGFB1I1 ILK HSPB1 SPN TMSB4X NCK1 SYK TFE3 PAWR DNM2 ARHGEF2 SRC ABLIM3 MAPK14 TACC1 LPIN2
GO_REGULATION_OF_PROTEIN_SERINE_THREONINE_KINASE_ACTIVITY	http://www.gsea-msigdb.org/gsea/msigdb/cards/GO_REGULATION_OF_PROTEIN_SERINE_THREONINE_KINASE_ACTIVITY	0.019518229532339795	0.3604773016754006	30	88	HSPB1 ILK AKAP13 MAP3K7 MAP3K5 MAP2K4 MAP4K2 DBNL KSR1 SYK PRKCD F2R ADAM17 CCNY ALS2 MAPKAPK2 RAPGEF2 TNIK TSG101 SHC1 SRC HTT CXCR4 STK4 RIPK1 SPAG9 MAPK14 RGCC TAOK1 TAB3
GO_COLUMNAR_CUBOIDAL_EPITHELIAL_CELL_DIFFERENTIATION	http://www.gsea-msigdb.org/gsea/msigdb/cards/GO_COLUMNAR_CUBOIDAL_EPITHELIAL_CELL_DIFFERENTIATION	0.019823115137785834	0.36383419398855366	7	13	GSK3A SRC SERPINE1 SCRIB SAV1 SLC9A3R1 IL6ST
GO_NEGATIVE_REGULATION_OF_ACTIN_FILAMENT_DEPOLYMERIZATION	http://www.gsea-msigdb.org/gsea/msigdb/cards/GO_NEGATIVE_REGULATION_OF_ACTIN_FILAMENT_DEPOLYMERIZATION	0.019823115137785834	0.36158830390220453	7	13	SVIL TWF1 ADD3 SPTB LIMA1 CAPZB SPTBN1
GO_SMOOTH_MUSCLE_CONTRACTION	http://www.gsea-msigdb.org/gsea/msigdb/cards/GO_SMOOTH_MUSCLE_CONTRACTION	0.019823115137785834	0.3593699707494303	7	13	DOCK5 ROCK2 F2R MYLK SMTN CTTN TBXA2R
GO_CIRCULATORY_SYSTEM_PROCESS	http://www.gsea-msigdb.org/gsea/msigdb/cards/GO_CIRCULATORY_SYSTEM_PROCESS	0.019930142951759433	0.3591071489173727	21	57	DOCK5 GSK3A F11R AKAP13 DNM1L FGA F2R CLDN5 STIM1 ADORA2A PKP2 CAMK2D SRC ROCK2 ITPR1 CXCR4 SLC9A1 TBXA2R FLNA PDE3A TJP2
GO_REGULATION_OF_CELLULAR_COMPONENT_MOVEMENT	http://www.gsea-msigdb.org/gsea/msigdb/cards/GO_REGULATION_OF_CELLULAR_COMPONENT_MOVEMENT	0.020858572970839	0.37355807956866205	47	150	APP SERPINE1 MYLK SLK STMN1 F2R CLDN5 ADAM17 PKP2 VCL MACF1 STK4 RTN4 SLC9A3R1 TBXA2R TNFRSF14 MSN DAB2 RGCC WNK1 CASS4 FERMT3 DOCK5 ILK HSPB1 ARHGAP4 SPN TMSB4X DNM1L NCK1 ARAP1 OXSR1 KIF2A NUMB RAPGEF2 ARHGEF2 ARF6 CAMK2D SRC ROCK2 NEXN CXCR4 FLNA CLASP1 SPAG9 MPP1 MAPK14
GO_REGULATION_OF_ORGANELLE_ASSEMBLY	http://www.gsea-msigdb.org/gsea/msigdb/cards/GO_REGULATION_OF_ORGANELLE_ASSEMBLY	0.020935992212101823	0.372685885462415	13	31	TSG101 SRC VPS4B HTT ASAP1 MTM1 AKAP13 G3BP1 MSN DNM2 PIKFYVE ARHGEF2 SEC22B
GO_RAS_GUANYL_NUCLEOTIDE_EXCHANGE_FACTOR_ACTIVITY	http://www.gsea-msigdb.org/gsea/msigdb/cards/GO_RAS_GUANYL_NUCLEOTIDE_EXCHANGE_FACTOR_ACTIVITY	0.020935992212101823	0.370454233453658	13	31	KALRN DOCK11 AKAP13 DENND2C ARHGEF10 DENND4A DENND4C ALS2 RAPGEF2 ARHGEF2 DOCK2 RGL2 ARHGEF6
GO_CELLULAR_COMPONENT_MORPHOGENESIS	http://www.gsea-msigdb.org/gsea/msigdb/cards/GO_CELLULAR_COMPONENT_MORPHOGENESIS	0.02099526388132868	0.3692916950555134	41	128	APP PANK2 OPHN1 STMN1 MAP1B MAP1A PRKCQ TNIK VCL MACF1 SHC1 KALRN RTN4 MTM1 EPB41L3 SPTBN1 MARK2 VASP ILK PPP1R9A ARHGAP4 AKAP13 KIF13B DNM1L DBNL SPTB DNM2 ADORA2A CTTN ALS2 NUMB RAPGEF2 SHANK3 DBN1 SRC NEXN CXCR4 PAK2 CLASP1 PIKFYVE TAOK1
GO_REGULATION_OF_SMALL_GTPASE_MEDIATED_SIGNAL_TRANSDUCTION	http://www.gsea-msigdb.org/gsea/msigdb/cards/GO_REGULATION_OF_SMALL_GTPASE_MEDIATED_SIGNAL_TRANSDUCTION	0.02130514596557357	0.37252488951638996	29	85	F11R ARHGAP6 ARHGAP4 AKAP13 OPHN1 STMN1 ARHGEF10 F2R ARAP1 CD2AP DNM2 ITPKB RASA3 ALS2 ARHGEF2 ARF6 ARHGEF6 SHC1 SRC ARHGAP15 KALRN ARHGAP21 RAP1GAP2 ARFGEF2 DENND4A DENND4C MYO9B ARHGAP25 RGL2
GO_POSITIVE_REGULATION_OF_MAP_KINASE_ACTIVITY	http://www.gsea-msigdb.org/gsea/msigdb/cards/GO_POSITIVE_REGULATION_OF_MAP_KINASE_ACTIVITY	0.021561733528078508	0.37479366220865873	20	54	ILK AKAP13 MAP3K7 MAP3K5 MAP4K2 MAP2K4 DBNL SYK KSR1 F2R MAPKAPK2 TNIK SHC1 SRC CXCR4 RIPK1 SPAG9 MAPK14 TAOK1 TAB3
GO_PROTEIN_LOCALIZATION_TO_CELL_JUNCTION	http://www.gsea-msigdb.org/gsea/msigdb/cards/GO_PROTEIN_LOCALIZATION_TO_CELL_JUNCTION	0.021717740426167836	0.37529779508377753	8	16	GRIPAP1 HSPB1 SCRIB F11R MAP1A FLNA VCL DBN1
GO_KINASE_ACTIVITY	http://www.gsea-msigdb.org/gsea/msigdb/cards/GO_KINASE_ACTIVITY	0.021908157579982747	0.376387242144471	45	143	PANK2 ARAF TESK2 MYLK SLK PRKACB MAP3K7 MAP3K5 MAP2K4 PRKCB PRKCD MAPKAPK2 PRKCQ TNIK STK4 KALRN RIPK1 MARK3 MARK2 CDK17 PHKB WNK1 CDK16 GSK3A ILK AKAP13 MAP4K2 KSR1 SYK OXSR1 ITPKB BMP2K CAMK2D SRC ROCK2 PAK2 CAMK2G MPP1 CDC42BPB CDC42BPA MAPK14 BCKDK PIKFYVE TAOK1 TJP2
GO_HEART_PROCESS	http://www.gsea-msigdb.org/gsea/msigdb/cards/GO_HEART_PROCESS	0.022401605941242762	0.38264014772469573	11	25	GSK3A CAMK2D SRC ITPR1 CXCR4 SLC9A1 AKAP13 FLNA DNM1L STIM1 PKP2
GO_REGULATION_OF_CELL_PROJECTION_ASSEMBLY	http://www.gsea-msigdb.org/gsea/msigdb/cards/GO_REGULATION_OF_CELL_PROJECTION_ASSEMBLY	0.022401605941242762	0.3804410664159331	11	25	SRC TWF1 HTT FNBP1L PPP1R9A DOCK11 CAPZB PRKCD ARAP1 DNM2 ARF6
GO_NEURON_PROJECTION_EXTENSION	http://www.gsea-msigdb.org/gsea/msigdb/cards/GO_NEURON_PROJECTION_EXTENSION	0.022401605941242762	0.3782671174649849	11	25	MACF1 ILK CXCR4 RTN4 ARHGAP4 DBNL DNM2 CTTN MAP1B VCL DBN1
GO_MICROTUBULE_CYTOSKELETON_ORGANIZATION_INVOLVED_IN_MITOSIS	http://www.gsea-msigdb.org/gsea/msigdb/cards/GO_MICROTUBULE_CYTOSKELETON_ORGANIZATION_INVOLVED_IN_MITOSIS	0.022401605941242762	0.37611787247938844	11	25	VPS4B HTT STMN1 FLNA CLASP1 ARHGEF10 NDE1 CKAP5 KIF2A TACC1 ARHGEF2
GO_NERVOUS_SYSTEM_PROCESS	http://www.gsea-msigdb.org/gsea/msigdb/cards/GO_NERVOUS_SYSTEM_PROCESS	0.02253521638257184	0.37622352774293666	22	61	APP GSK3A PPP1R9A SH3GL1 F2R SHROOM4 CLDN5 ADORA2A MAP1A SHANK3 SRC ROCK2 HTT CXCR4 KALRN SLC9A1 SLC9A3R1 EIF4EBP2 MBP CNNM4 MYO5A SYNJ1
GO_CELL_RECOGNITION	http://www.gsea-msigdb.org/gsea/msigdb/cards/GO_CELL_RECOGNITION	0.022571783694229162	0.37471697087891676	9	19	APP CXCR4 NEXN MSN PEAR1 RTN4 CD226 ALDOA DOCK2
GO_RHO_GUANYL_NUCLEOTIDE_EXCHANGE_FACTOR_ACTIVITY	http://www.gsea-msigdb.org/gsea/msigdb/cards/GO_RHO_GUANYL_NUCLEOTIDE_EXCHANGE_FACTOR_ACTIVITY	0.022571783694229162	0.37262357998015183	9	19	ARHGEF10 KALRN AKAP13 DOCK11 ALS2 ARHGEF2 DOCK2 RGL2 ARHGEF6
GO_REGULATION_OF_DENDRITE_MORPHOGENESIS	http://www.gsea-msigdb.org/gsea/msigdb/cards/GO_REGULATION_OF_DENDRITE_MORPHOGENESIS	0.022571783694229162	0.3705534489802621	9	19	DBNL ILK PPP1R9A KALRN RAPGEF2 TNIK DNM1L SHANK3 DBN1
GO_CELL_CELL_ADHESION	http://www.gsea-msigdb.org/gsea/msigdb/cards/GO_CELL_CELL_ADHESION	0.022657238516968273	0.3699013249593439	37	114	CD84 F11R UBASH3B PRKCD SCRIB CD2AP CLDN5 PKP2 PRKCQ IL6ST TLN1 VCL SHC1 MBP TNFRSF14 MSN RGCC WNK1 FERMT3 ILK HSPB1 PEAR1 SPN CLIC1 NCK1 FGA SYK PAWR ITPKB ADORA2A MYH9 SRC NEXN FLNA PAK2 MAPK14 TJP2
GO_AXON_EXTENSION	http://www.gsea-msigdb.org/gsea/msigdb/cards/GO_AXON_EXTENSION	0.02272235143553808	0.36892609061546716	10	22	MACF1 DBNL ILK RTN4 ARHGAP4 DNM2 CTTN MAP1B VCL DBN1
GO_PROTEIN_KINASE_ACTIVITY	http://www.gsea-msigdb.org/gsea/msigdb/cards/GO_PROTEIN_KINASE_ACTIVITY	0.022940892243600065	0.3704389977040339	40	125	ARAF TESK2 MYLK SLK PRKACB MAP3K7 MAP3K5 MAP2K4 PRKCB PRKCD MAPKAPK2 PRKCQ TNIK STK4 KALRN RIPK1 MARK3 MARK2 CDK17 PHKB WNK1 CDK16 GSK3A ILK AKAP13 MAP4K2 KSR1 SYK OXSR1 BMP2K CAMK2D SRC ROCK2 PAK2 CAMK2G CDC42BPB CDC42BPA MAPK14 BCKDK TAOK1
GO_REGULATION_OF_RESPONSE_TO_WOUNDING	http://www.gsea-msigdb.org/gsea/msigdb/cards/GO_REGULATION_OF_RESPONSE_TO_WOUNDING	0.023042148685839977	0.37005189873183225	16	41	SERPINE1 CXCR4 F11R MYLK UBASH3B TBXA2R SCARF1 CLASP1 FGA FCER1G SYK F2R PRKCD SYTL4 MYH9 PRKCQ
GO_REGULATION_OF_RAS_PROTEIN_SIGNAL_TRANSDUCTION	http://www.gsea-msigdb.org/gsea/msigdb/cards/GO_REGULATION_OF_RAS_PROTEIN_SIGNAL_TRANSDUCTION	0.023306412597029213	0.37227269850930444	19	51	F11R AKAP13 OPHN1 STMN1 ARHGEF10 F2R DNM2 ITPKB RASA3 ALS2 ARHGEF2 ARF6 SHC1 KALRN ARFGEF2 DENND4A DENND4C MYO9B RGL2
GO_POSITIVE_REGULATION_OF_INTERLEUKIN_8_PRODUCTION	http://www.gsea-msigdb.org/gsea/msigdb/cards/GO_POSITIVE_REGULATION_OF_INTERLEUKIN_8_PRODUCTION	0.023410230789332753	0.37192060205633487	5	8	MAVS SYK SERPINE1 F2R RIPK1
GO_MITOTIC_SPINDLE_ASSEMBLY	http://www.gsea-msigdb.org/gsea/msigdb/cards/GO_MITOTIC_SPINDLE_ASSEMBLY	0.023410230789332753	0.3699317218314347	5	8	ARHGEF10 KIF2A VPS4B FLNA CLASP1
GO_POSITIVE_REGULATION_OF_PRODUCTION_OF_MOLECULAR_MEDIATOR_OF_IMMUNE_RESPONSE	http://www.gsea-msigdb.org/gsea/msigdb/cards/GO_POSITIVE_REGULATION_OF_PRODUCTION_OF_MOLECULAR_MEDIATOR_OF_IMMUNE_RESPONSE	0.023410230789332753	0.3679639999067994	5	8	MAVS FCER1G CD226 TNFRSF14 MAP3K7
GO_MICROTUBULE_NUCLEATION	http://www.gsea-msigdb.org/gsea/msigdb/cards/GO_MICROTUBULE_NUCLEATION	0.023410230789332753	0.3660171004363931	5	8	NDE1 SLAIN2 TUBGCP3 CKAP5 CLASP1
GO_DENDRITIC_SHAFT	http://www.gsea-msigdb.org/gsea/msigdb/cards/GO_DENDRITIC_SHAFT	0.023410230789332753	0.36409069464462257	5	8	APP MAP1A ILK FLNA ARHGEF2
GO_REGULATION_OF_CYTOKINE_PRODUCTION_INVOLVED_IN_IMMUNE_RESPONSE	http://www.gsea-msigdb.org/gsea/msigdb/cards/GO_REGULATION_OF_CYTOKINE_PRODUCTION_INVOLVED_IN_IMMUNE_RESPONSE	0.023410230789332753	0.3621844606412476	5	8	MAVS FCER1G CD226 TNFRSF14 MAP3K7
GO_POSITIVE_REGULATION_OF_GTPASE_ACTIVITY	http://www.gsea-msigdb.org/gsea/msigdb/cards/GO_POSITIVE_REGULATION_OF_GTPASE_ACTIVITY	0.024097175226795463	0.3708705874748989	33	100	F11R DOCK11 OPHN1 F2R SCRIB GAPVD1 ACAP2 AGAP2 RASGRP2 ARHGAP15 KALRN ARHGAP21 STXBP5 RAP1GAP2 ARHGAP25 DOCK5 ARHGAP6 ARHGAP4 DNM1L GIT1 ARHGEF10 ARAP1 TBC1D1 RABEP1 RASA3 ALS2 RAPGEF2 DOCK2 ARHGEF6 RGS18 RABGAP1 ASAP1 MYO9B
GO_POSITIVE_REGULATION_OF_TRANSFERASE_ACTIVITY	http://www.gsea-msigdb.org/gsea/msigdb/cards/GO_POSITIVE_REGULATION_OF_TRANSFERASE_ACTIVITY	0.02506114185405444	0.3837081563664812	39	122	PRKACB MAP3K7 MAP3K5 MAP2K4 PRKCD F2R TOM1L1 ADAM17 CCNY MAPKAPK2 PRKCQ TNIK SHC1 AGAP2 STK4 RIPK1 MARK2 RGCC WNK1 CASS4 TAB3 LAT GSK3A ILK PPP1R9A AKAP13 MAP4K2 DBNL KSR1 SYK ALS2 RAPGEF2 LCP2 SRC CXCR4 PAK2 SPAG9 MAPK14 TAOK1
GO_POSITIVE_REGULATION_OF_PHOSPHORUS_METABOLIC_PROCESS	http://www.gsea-msigdb.org/gsea/msigdb/cards/GO_POSITIVE_REGULATION_OF_PHOSPHORUS_METABOLIC_PROCESS	0.02529217033169137	0.38524929551622683	49	159	APP ARAF PRKACB MAP3K7 MAP3K5 MAP2K4 PRKCD F2R TOM1L1 ADAM17 CCNY MAPKAPK2 TNIK IL6ST SHC1 AGAP2 STK4 TNFRSF14 RIPK1 MARK2 DAB2 MAVS RGCC WNK1 CASS4 TAB3 LAT EIF4G1 GSK3A ILK PPP1R9A AKAP13 TMSB4X MAP4K2 FGA DBNL KSR1 SYK ALS2 RAPGEF2 LCP2 ARHGEF2 SRC ROCK2 CXCR4 PAK2 SPAG9 MAPK14 TAOK1
GO_CATION_TRANSPORT	http://www.gsea-msigdb.org/gsea/msigdb/cards/GO_CATION_TRANSPORT	0.025584119757381278	0.38769781478493165	34	104	APP CD84 MYLK UBASH3B FTH1 PRKCB F2R STIM1 PKP2 ABCB6 EPB41 ITPR1 SLC9A1 SLC9A3R1 MYO5A WNK1 SLC25A2 TMSB4X DNM1L FCER1G SYK OXSR1 DNM2 ADORA2A RASA3 SHANK3 CAMK2D VPS4B HTT CXCR4 FLNA CAMK2G CNNM4 CCS
GO_SMALL_GTPASE_MEDIATED_SIGNAL_TRANSDUCTION	http://www.gsea-msigdb.org/gsea/msigdb/cards/GO_SMALL_GTPASE_MEDIATED_SIGNAL_TRANSDUCTION	0.026232081406360665	0.39548877834589674	40	126	F11R DOCK11 OPHN1 STMN1 F2R CD2AP SHC1 RASGRP2 ARHGAP15 KALRN ARHGAP21 G3BP1 RAP1GAP2 DENND4A DENND4C ARHGAP25 RGL2 LAT DOCK5 ARHGAP6 ARHGAP4 AKAP13 ARHGEF10 DBNL KSR1 ARAP1 DNM2 ITPKB RASA3 ALS2 RAPGEF2 ARHGEF2 DOCK2 ARF6 ARHGEF6 SRC ROCK2 ARFGEF2 MYO9B MAPK14
GO_CELL_CELL_SIGNALING	http://www.gsea-msigdb.org/gsea/msigdb/cards/GO_CELL_CELL_SIGNALING	0.026754476487498832	0.4013171473124825	55	182	APP OPHN1 PPFIA1 MAP3K7 SH3GL1 PRKCB F2R SCRIB SYTL4 DAAM1 CCNY FRMD8 MAP1B MAP1A PKP2 TNIK MACF1 ITPR1 STK4 KALRN SLC9A3R1 G3BP1 EIF4EBP2 MBP MARK2 MYO5A NFATC1 DAB2 MAVS RGCC SYNJ1 WNK1 CDK16 GSK3A TGFB1I1 GRIK3 ILK PPP1R9A ENSA DNM1L GIT1 FGA FCER1G SYK ADORA2A ALS2 RAPGEF2 LCP2 SHANK3 DBN1 SRC FLNA CAMK2G MAPK14 ZYX
GO_POSITIVE_REGULATION_OF_CELL_MORPHOGENESIS_INVOLVED_IN_DIFFERENTIATION	http://www.gsea-msigdb.org/gsea/msigdb/cards/GO_POSITIVE_REGULATION_OF_CELL_MORPHOGENESIS_INVOLVED_IN_DIFFERENTIATION	0.0277683964064757	0.4144222797027055	13	32	MACF1 DOCK5 ILK KALRN FLNA DNM1L FGA DBNL UNC13D DNM2 MAP1B CASS4 DBN1
GO_REGULATION_OF_ANATOMICAL_STRUCTURE_SIZE	http://www.gsea-msigdb.org/gsea/msigdb/cards/GO_REGULATION_OF_ANATOMICAL_STRUCTURE_SIZE	0.02795041811128402	0.4150426407982125	33	101	PRKCD F2R MAP1B MACF1 TWF1 RTN4 SLC9A3R1 TBXA2R SPTBN1 VASP RAP1GAP2 MSN DOCK5 ILK PPP1R9A ARHGAP4 CAPZB TMSB4X NCK1 FGA DBNL SPTB DNM2 ADORA2A CTTN ALS2 SHANK3 DBN1 ARF6 ROCK2 ADD3 LIMA1 SVIL
GO_CORTICAL_ACTIN_CYTOSKELETON_ORGANIZATION	http://www.gsea-msigdb.org/gsea/msigdb/cards/GO_CORTICAL_ACTIN_CYTOSKELETON_ORGANIZATION	0.02888285305535789	0.4267441538929128	6	11	EPB41 ROCK2 FHOD1 EPB41L3 TLN1 ARF6
GO_ADENYLATE_CYCLASE_ACTIVATING_G_PROTEIN_COUPLED_RECEPTOR_SIGNALING_PATHWAY	http://www.gsea-msigdb.org/gsea/msigdb/cards/GO_ADENYLATE_CYCLASE_ACTIVATING_G_PROTEIN_COUPLED_RECEPTOR_SIGNALING_PATHWAY	0.02888285305535789	0.4246210486496645	6	11	SLC9A3R1 AKAP13 GSK3A ADORA2A TBXA2R RAPGEF2
GO_CELL_CELL_CONTACT_ZONE	http://www.gsea-msigdb.org/gsea/msigdb/cards/GO_CELL_CELL_CONTACT_ZONE	0.02888285305535789	0.42251896425040875	6	11	FHOD1 PKP2 SCRIB VCL SLC9A1 TJP2
GO_POSITIVE_REGULATION_OF_LYMPHOCYTE_MIGRATION	http://www.gsea-msigdb.org/gsea/msigdb/cards/GO_POSITIVE_REGULATION_OF_LYMPHOCYTE_MIGRATION	0.02888285305535789	0.42043759004227865	6	11	SPN APP ADAM17 WNK1 TNFRSF14 OXSR1
GO_SUBSTRATE_DEPENDENT_CELL_MIGRATION	http://www.gsea-msigdb.org/gsea/msigdb/cards/GO_SUBSTRATE_DEPENDENT_CELL_MIGRATION	0.02888285305535789	0.41837662146364	6	11	OPHN1 CTTN STK4 ANKS1A NCK1 CD2AP
GO_REGULATION_OF_DENDRITIC_SPINE_MORPHOGENESIS	http://www.gsea-msigdb.org/gsea/msigdb/cards/GO_REGULATION_OF_DENDRITIC_SPINE_MORPHOGENESIS	0.02888285305535789	0.41633575989552474	6	11	DBNL PPP1R9A DNM1L SHANK3 KALRN DBN1
GO_OSTEOCLAST_DIFFERENTIATION	http://www.gsea-msigdb.org/gsea/msigdb/cards/GO_OSTEOCLAST_DIFFERENTIATION	0.02888285305535789	0.4143147125173911	6	11	FCER1G UBASH3B SH3PXD2A SRC TFE3 MAPK14
GO_INTERLEUKIN_8_PRODUCTION	http://www.gsea-msigdb.org/gsea/msigdb/cards/GO_INTERLEUKIN_8_PRODUCTION	0.02888285305535789	0.4123131921670655	6	11	MAVS SYK TMSB4X SERPINE1 F2R RIPK1
GO_CALCIUM_MEDIATED_SIGNALING	http://www.gsea-msigdb.org/gsea/msigdb/cards/GO_CALCIUM_MEDIATED_SIGNALING	0.029283280003120755	0.41601967504433573	12	29	CAMK2D ITPR1 HTT CXCR4 PPP1R9A SLC9A1 SAMD14 SYK MYO5A NFATC2 NFATC1 LAT
GO_COAGULATION	http://www.gsea-msigdb.org/gsea/msigdb/cards/GO_COAGULATION	0.029440076111010873	0.41624605219156524	29	87	SERPINE1 F13A1 HSPB1 ILK F11R PEAR1 DOCK11 UBASH3B CAPZB PRKACB CLIC1 FGA FCER1G SYK PRKCB PRKCD F2R ADORA2A MYH9 PRKCQ LCP2 TLN1 VCL SRC ITPR1 TBXA2R FLNA TREML1 FERMT3
GO_NEGATIVE_REGULATION_OF_DEVELOPMENTAL_PROCESS	http://www.gsea-msigdb.org/gsea/msigdb/cards/GO_NEGATIVE_REGULATION_OF_DEVELOPMENTAL_PROCESS	0.029440076111010873	0.41426392813351015	29	87	APP GSK3A TGFB1I1 SERPINE1 ARHGAP4 EIF4ENIF1 UBASH3B DNM1L PRKACB ITPKB CLDN5 PKP2 RAPGEF2 ARHGEF2 ARF6 ROCK2 ASAP1 STK4 RTN4 SAV1 TBXA2R RIPK1 CLASP1 RAP1GAP2 ANKRD26 HUWE1 NFATC2 NFATC1 RGCC
GO_CELLULAR_COMPONENT_DISASSEMBLY	http://www.gsea-msigdb.org/gsea/msigdb/cards/GO_CELLULAR_COMPONENT_DISASSEMBLY	0.029440076111010873	0.41230059198121866	29	87	GSK3A CAPZB STMN1 DNM1L SH3GL1 PRKCB SPTB CKAP5 CTTN KIF2A MAP1B MAP1A ARHGEF2 ARF6 TSG101 TEX264 VPS4B HTT TWF1 ADD3 LIMA1 SPTBN1 MARK2 CLASP1 SVIL NCKAP5L HUWE1 SYNJ1 TAOK1
GO_POSITIVE_REGULATION_OF_NEURON_PROJECTION_DEVELOPMENT	http://www.gsea-msigdb.org/gsea/msigdb/cards/GO_POSITIVE_REGULATION_OF_NEURON_PROJECTION_DEVELOPMENT	0.03143628542067023	0.4381802991418893	15	39	MACF1 TWF1 CXCR4 ILK PPP1R9A KALRN DNM1L SCARF1 MARK2 NCK1 DBNL MAP1B RAPGEF2 SHANK3 DBN1
GO_CALMODULIN_BINDING	http://www.gsea-msigdb.org/gsea/msigdb/cards/GO_CALMODULIN_BINDING	0.03143628542067023	0.4361231146388757	15	39	CAMK2D EPB41 ADD3 MYLK SLC9A1 CALD1 MBP CAMK2G SPTBN1 MYO5A MYO9B PHKB ITPKB MAPKAPK2 MYH9
GO_REGULATION_OF_WOUND_HEALING	http://www.gsea-msigdb.org/gsea/msigdb/cards/GO_REGULATION_OF_WOUND_HEALING	0.03143628542067023	0.4340851561592548	15	39	SERPINE1 CXCR4 F11R MYLK UBASH3B TBXA2R CLASP1 FGA FCER1G SYK F2R PRKCD SYTL4 MYH9 PRKCQ
GO_MICROTUBULE_BINDING	http://www.gsea-msigdb.org/gsea/msigdb/cards/GO_MICROTUBULE_BINDING	0.03143628542067023	0.4320661554329327	15	39	MACF1 KIF13B GAS2L1 DNM1L CLASP1 NDE1 CKAP5 DNM2 CLIP2 KIF2A STIM1 MAP1B MAP1A TUBGCP3 ARHGEF2
GO_CELL_CHEMOTAXIS	http://www.gsea-msigdb.org/gsea/msigdb/cards/GO_CELL_CHEMOTAXIS	0.03143628542067023	0.43006584915778023	15	39	SERPINE1 CXCR4 HSPB1 TMSB4X DNM1L MPP1 FCER1G SYK PRKCD OXSR1 MAPK14 ADAM17 BIN2 WNK1 PRKCQ
GO_POSITIVE_REGULATION_OF_DENDRITE_DEVELOPMENT	http://www.gsea-msigdb.org/gsea/msigdb/cards/GO_POSITIVE_REGULATION_OF_DENDRITE_DEVELOPMENT	0.03159737199776613	0.4302775772046033	7	14	DBNL ILK PPP1R9A KALRN DNM1L SHANK3 DBN1
GO_GOLGI_TO_PLASMA_MEMBRANE_TRANSPORT	http://www.gsea-msigdb.org/gsea/msigdb/cards/GO_GOLGI_TO_PLASMA_MEMBRANE_TRANSPORT	0.03159737199776613	0.42830382685045376	7	14	MACF1 ARFGEF2 SEC16A DNM2 CNST RABEP1 SPTBN1
GO_NEGATIVE_REGULATION_OF_CELL_PROJECTION_ORGANIZATION	http://www.gsea-msigdb.org/gsea/msigdb/cards/GO_NEGATIVE_REGULATION_OF_CELL_PROJECTION_ORGANIZATION	0.03180344754511337	0.42912871002652975	10	23	RAP1GAP2 GSK3A PRKCD ASAP1 RTN4 ARHGAP4 DNM2 CAPZB RAPGEF2 ARF6
GO_POSITIVE_REGULATION_OF_ION_TRANSMEMBRANE_TRANSPORT	http://www.gsea-msigdb.org/gsea/msigdb/cards/GO_POSITIVE_REGULATION_OF_ION_TRANSMEMBRANE_TRANSPORT	0.03180344754511337	0.4271781249809546	10	23	F2R HTT SLC9A1 DNM2 SLC9A3R1 STIM1 WNK1 TMSB4X FLNA SHANK3
GO_REGULATION_OF_PEPTIDE_TRANSPORT	http://www.gsea-msigdb.org/gsea/msigdb/cards/GO_REGULATION_OF_PEPTIDE_TRANSPORT	0.03226826803546556	0.4314603259945734	33	102	CNST OPHN1 PRKCD F2R SCRIB GAPVD1 SYTL4 CD2AP FRMD8 TSG101 ITPR1 KALRN UBE2J1 STXBP5 SEC16A MAVS RGCC CDK16 GSK3A ENSA DNM1L GRIPAP1 FGA SYK DNAJC1 ADORA2A NUMB ARF6 SRC ABLIM3 FLNA HUWE1 MAPK14
GO_TUBULIN_BINDING	http://www.gsea-msigdb.org/gsea/msigdb/cards/GO_TUBULIN_BINDING	0.032362781107283356	0.4307748566307311	20	56	STMN1 KIF13B DNM1L CKAP5 DNM2 CLIP2 KIF2A STIM1 MAP1B MAP1A ARHGEF2 ALDOA MACF1 RABGAP1 HTT GAS2L1 CLASP1 NDE1 TAOK1 TUBGCP3
GO_NEGATIVE_REGULATION_OF_NEURON_DIFFERENTIATION	http://www.gsea-msigdb.org/gsea/msigdb/cards/GO_NEGATIVE_REGULATION_OF_NEURON_DIFFERENTIATION	0.03253327483568692	0.43110236385405765	9	20	RAP1GAP2 APP GSK3A ASAP1 RTN4 ARHGAP4 EIF4ENIF1 RAPGEF2 ARF6
GO_ACTIN_FILAMENT_BUNDLE	http://www.gsea-msigdb.org/gsea/msigdb/cards/GO_ACTIN_FILAMENT_BUNDLE	0.03253327483568692	0.4291777997297092	9	20	FHOD1 ILK SHROOM4 MYLK LIMA1 DAAM1 ABLIM3 ZYX MYH9
GO_ACTIN_FILAMENT_BASED_MOVEMENT	http://www.gsea-msigdb.org/gsea/msigdb/cards/GO_ACTIN_FILAMENT_BASED_MOVEMENT	0.03253327483568692	0.4272703428420216	9	20	CAMK2D WIPF1 MYO5A MYO9B FNBP1L SLC9A1 PKP2 MYH9 FLNA
GO_T_CELL_MIGRATION	http://www.gsea-msigdb.org/gsea/msigdb/cards/GO_T_CELL_MIGRATION	0.03259865255224646	0.42623459421189513	8	17	APP MSN OXSR1 F11R SPN ADAM17 WNK1 TNFRSF14
GO_POSITIVE_REGULATION_OF_INTERLEUKIN_6_PRODUCTION	http://www.gsea-msigdb.org/gsea/msigdb/cards/GO_POSITIVE_REGULATION_OF_INTERLEUKIN_6_PRODUCTION	0.03259865255224646	0.42435690877483834	8	17	APP FCER1G SYK F2R MAVS MBP TBC1D23 ARHGEF2
GO_SENSORY_PERCEPTION	http://www.gsea-msigdb.org/gsea/msigdb/cards/GO_SENSORY_PERCEPTION	0.03259865255224646	0.422495694262668	8	17	F2R MYO5A CXCR4 SLC9A1 SLC9A3R1 ADORA2A MBP CNNM4
GO_PROTEIN_POLYMERIZATION	http://www.gsea-msigdb.org/gsea/msigdb/cards/GO_PROTEIN_POLYMERIZATION	0.032697042869714046	0.4219203566812446	26	77	PPP1R9A ARHGAP6 CAPZB TMSB4X STMN1 DNM1L NCK1 FGA DBNL PRKCD SPTB CKAP5 DNM2 CTTN MAP1B DBN1 ARF6 TWF1 SLAIN2 ADD3 SPTBN1 CLASP1 VASP SVIL NDE1 TUBGCP3
GO_REGULATION_OF_SYSTEM_PROCESS	http://www.gsea-msigdb.org/gsea/msigdb/cards/GO_REGULATION_OF_SYSTEM_PROCESS	0.032901802232171526	0.4227166330263777	22	63	APP DOCK5 GSK3A SH3GL1 FGA F2R STIM1 ADORA2A CTTN PKP2 IL6ST SHANK3 CAMK2D SRC ROCK2 EPB41 ITPR1 SLC9A1 SLC9A3R1 TBXA2R FLNA CAMK2G
GO_DEVELOPMENTAL_GROWTH	http://www.gsea-msigdb.org/gsea/msigdb/cards/GO_DEVELOPMENTAL_GROWTH	0.032901802232171526	0.4208866908920644	22	63	APP GSK3A ILK ARHGAP4 AKAP13 MAP2K4 DBNL DNM2 CTTN MAP1B SHANK3 DBN1 VCL MACF1 CXCR4 STK4 RTN4 MTM1 SAV1 RIPK1 PTPN12 MAPK14
GO_PLASMA_MEMBRANE_TUBULATION	http://www.gsea-msigdb.org/gsea/msigdb/cards/GO_PLASMA_MEMBRANE_TUBULATION	0.033204329955712666	0.4229258405997023	4	6	BIN2 ASAP1 FNBP1L DNM2
GO_INTESTINAL_ABSORPTION	http://www.gsea-msigdb.org/gsea/msigdb/cards/GO_INTESTINAL_ABSORPTION	0.033204329955712666	0.42111070823661345	4	6	LIMA1 EPB41 F11R TJP2
GO_STRIATED_MUSCLE_CELL_APOPTOTIC_PROCESS	http://www.gsea-msigdb.org/gsea/msigdb/cards/GO_STRIATED_MUSCLE_CELL_APOPTOTIC_PROCESS	0.033204329955712666	0.4193110898253459	4	6	CAMK2D ILK RGL2 MAP3K5
GO_NEGATIVE_REGULATION_OF_DENDRITE_DEVELOPMENT	http://www.gsea-msigdb.org/gsea/msigdb/cards/GO_NEGATIVE_REGULATION_OF_DENDRITE_DEVELOPMENT	0.033204329955712666	0.41752678731545073	4	6	GSK3A RAPGEF2 ASAP1 ARF6
GO_POTASSIUM_CHANNEL_REGULATOR_ACTIVITY	http://www.gsea-msigdb.org/gsea/msigdb/cards/GO_POTASSIUM_CHANNEL_REGULATOR_ACTIVITY	0.033204329955712666	0.41575760601326667	4	6	WNK1 ENSA FLNA ARPP19
GO_COSTAMERE	http://www.gsea-msigdb.org/gsea/msigdb/cards/GO_COSTAMERE	0.033204329955712666	0.414003354511101	4	6	SVIL ILK VCL PLEC
GO_REGULATION_OF_ACTION_POTENTIAL	http://www.gsea-msigdb.org/gsea/msigdb/cards/GO_REGULATION_OF_ACTION_POTENTIAL	0.033204329955712666	0.41226384461819715	4	6	CAMK2D PKP2 FLNA SLC9A1
GO_POSITIVE_REGULATION_OF_SODIUM_ION_TRANSPORT	http://www.gsea-msigdb.org/gsea/msigdb/cards/GO_POSITIVE_REGULATION_OF_SODIUM_ION_TRANSPORT	0.033204329955712666	0.41053889129343485	4	6	WNK1 PKP2 SLC9A1 DNM2
GO_DIGESTIVE_SYSTEM_DEVELOPMENT	http://www.gsea-msigdb.org/gsea/msigdb/cards/GO_DIGESTIVE_SYSTEM_DEVELOPMENT	0.033204329955712666	0.4088283125797122	4	6	SRC SLC4A2 IL6ST SAV1
GO_MYELOID_CELL_APOPTOTIC_PROCESS	http://www.gsea-msigdb.org/gsea/msigdb/cards/GO_MYELOID_CELL_APOPTOTIC_PROCESS	0.033204329955712666	0.40713192953996236	4	6	ITPKB ADAM17 FCER1G ARF6
GO_REGULATION_OF_SYNAPTIC_TRANSMISSION_GLUTAMATERGIC	http://www.gsea-msigdb.org/gsea/msigdb/cards/GO_REGULATION_OF_SYNAPTIC_TRANSMISSION_GLUTAMATERGIC	0.033204329955712666	0.4054495661947559	4	6	OPHN1 ADORA2A GRIK3 SHANK3
GO_POSITIVE_REGULATION_OF_CELLULAR_COMPONENT_MOVEMENT	http://www.gsea-msigdb.org/gsea/msigdb/cards/GO_POSITIVE_REGULATION_OF_CELLULAR_COMPONENT_MOVEMENT	0.03335076629927418	0.40556178771339585	31	95	APP DOCK5 SERPINE1 HSPB1 ILK MYLK SPN TMSB4X STMN1 DNM1L F2R OXSR1 ADAM17 NUMB RAPGEF2 ARHGEF2 ARF6 SRC ROCK2 CXCR4 STK4 RTN4 FLNA TNFRSF14 CLASP1 SPAG9 MAPK14 DAB2 WNK1 CASS4 FERMT3
GO_RAS_PROTEIN_SIGNAL_TRANSDUCTION	http://www.gsea-msigdb.org/gsea/msigdb/cards/GO_RAS_PROTEIN_SIGNAL_TRANSDUCTION	0.034316915954764465	0.4156003551079057	29	88	F11R ARHGAP6 ARHGAP4 AKAP13 OPHN1 STMN1 ARHGEF10 DBNL KSR1 F2R DNM2 ITPKB RASA3 ALS2 RAPGEF2 ARHGEF2 ARF6 SHC1 ROCK2 RASGRP2 KALRN G3BP1 ARFGEF2 DENND4A DENND4C MYO9B MAPK14 RGL2 LAT
GO_PLASMA_MEMBRANE_REGION	http://www.gsea-msigdb.org/gsea/msigdb/cards/GO_PLASMA_MEMBRANE_REGION	0.034739385138656584	0.41899952279481717	48	158	APP SLC4A2 MYLK F2R SCRIB CLDN5 ADAM17 STIM1 TNIK TLN1 MACF1 EPB41 TWF1 RASGRP2 SLC9A1 SLC9A3R1 EPB41L3 STXBP5 SPTBN1 VASP MSN DAB2 SYNJ1 GRIK3 DNM1L MAP4K2 DBNL KSR1 SHROOM4 DNM2 ADORA2A CTTN CANX NUMB RAPGEF2 MYH9 LCP2 ARHGEF2 SHANK3 DBN1 ARF6 SRC ASAP1 ADD3 LIMA1 CNNM4 SVIL NDE1
GO_POSITIVE_REGULATION_OF_PROTEIN_MODIFICATION_PROCESS	http://www.gsea-msigdb.org/gsea/msigdb/cards/GO_POSITIVE_REGULATION_OF_PROTEIN_MODIFICATION_PROCESS	0.03568926229313512	0.4287063824236353	49	162	APP ARAF PRKACB MAP3K7 MAP3K5 MAP2K4 PRKCD F2R TOM1L1 ADAM17 CCNY MAPKAPK2 TNIK IL6ST SHC1 AGAP2 STK4 TNFRSF14 RIPK1 MARK2 DAB2 MAVS RGCC WNK1 CASS4 TAB3 LAT EIF4G1 GSK3A ILK PPP1R9A AKAP13 MAP4K2 FGA DBNL KSR1 SYK ALS2 RAPGEF2 LCP2 ARHGEF2 SRC ROCK2 CXCR4 PAK2 SPAG9 HUWE1 MAPK14 TAOK1
GO_CELL_SUBSTRATE_JUNCTION_ORGANIZATION	http://www.gsea-msigdb.org/gsea/msigdb/cards/GO_CELL_SUBSTRATE_JUNCTION_ORGANIZATION	0.03610221427569696	0.43191110601086846	13	33	MACF1 SRC ROCK2 TESK2 ARHGAP6 SLC9A1 SLK CLASP1 CTTN TLN1 VCL ARF6 PLEC
GO_DENDRITIC_TREE	http://www.gsea-msigdb.org/gsea/msigdb/cards/GO_DENDRITIC_TREE	0.036427258221320535	0.4340425324354927	30	92	APP GSK3A GRIK3 ILK PPP1R9A SAMD14 OPHN1 PPFIA1 MAP2K4 GRIPAP1 DBNL DNM2 ADORA2A CTTN ALS2 MAP1B MAP1A CANX ARHGEF2 IL6ST SHANK3 DBN1 HTT ASAP1 SAV1 FLNA MARK3 CNNM4 MARK2 ARFGEF2
GO_MICROTUBULE_ORGANIZING_CENTER	http://www.gsea-msigdb.org/gsea/msigdb/cards/GO_MICROTUBULE_ORGANIZING_CENTER	0.03708353427091269	0.4400877259861325	33	103	FRY PRKACB DYNC1LI1 DAAM1 MAPKAPK2 PRKCQ TSG101 SLAIN2 RAP1GAP2 ANKRD26 SMTN RGCC TUBGCP3 BICD1 CEP170 ARHGEF10 EXOC7 CKAP5 DNM2 KIF2A ALS2 RABGAP1 ROCK2 VPS4B HTT EHBP1 CLASP1 SPAG9 MPP1 ARFGEF2 NDE1 NCKAP5L TACC1
GO_METAL_ION_TRANSPORT	http://www.gsea-msigdb.org/gsea/msigdb/cards/GO_METAL_ION_TRANSPORT	0.03748499204803082	0.44307260600772425	28	85	CD84 MYLK UBASH3B FTH1 DNM1L PRKCB F2R OXSR1 DNM2 ADORA2A STIM1 RASA3 PKP2 CAMK2D ABCB6 EPB41 VPS4B ITPR1 HTT CXCR4 SLC9A1 SLC9A3R1 FLNA CAMK2G CNNM4 MYO5A CCS WNK1
GO_GTPASE_REGULATOR_ACTIVITY	http://www.gsea-msigdb.org/gsea/msigdb/cards/GO_GTPASE_REGULATOR_ACTIVITY	0.038360932896343236	0.4516197478434034	26	78	DOCK5 ARHGAP6 ARHGAP4 OPHN1 DNM1L GIT1 ARAP1 GAPVD1 TBC1D1 ACAP2 RABEP1 RASA3 ALS2 RAPGEF2 DOCK2 ARHGEF6 RGS18 RABGAP1 AGAP2 ASAP1 ARHGAP15 ARHGAP21 STXBP5 RAP1GAP2 MYO9B ARHGAP25
GO_REGULATION_OF_DENDRITE_DEVELOPMENT	http://www.gsea-msigdb.org/gsea/msigdb/cards/GO_REGULATION_OF_DENDRITE_DEVELOPMENT	0.03850922966687847	0.45156656216518204	12	30	GSK3A ILK ASAP1 PPP1R9A KALRN DNM1L DBNL RAPGEF2 TNIK SHANK3 DBN1 ARF6
GO_PROTEIN_CONTAINING_COMPLEX_BINDING	http://www.gsea-msigdb.org/gsea/msigdb/cards/GO_PROTEIN_CONTAINING_COMPLEX_BINDING	0.03923439496274589	0.4582515300984747	53	178	FHOD1 F11R SAMD14 MPRIP CD2AP ADAM17 MAP1B PKP2 CD226 TLN1 MACF1 TSG101 SHC1 EPB41 TWF1 MTM1 SLC9A3R1 RIPK1 GAS2L1 SPTBN1 MYO5A DHX29 FERMT3 ILK PPP1R9A BICD1 CAPZB DNM1L SCARF1 GIT1 FCER1G DBNL SYK SPTB CKAP5 SHROOM4 DNM2 ADORA2A CTTN BMP2K MYH9 DOCK2 DBN1 SRC VPS4B NEXN ADD3 LIMA1 ABLIM3 FLNA SVIL ZNF185 CDC42BPB
GO_REGULATION_OF_MAP_KINASE_ACTIVITY	http://www.gsea-msigdb.org/gsea/msigdb/cards/GO_REGULATION_OF_MAP_KINASE_ACTIVITY	0.03926759104272934	0.4568335887057685	22	64	ILK AKAP13 MAP3K7 MAP3K5 MAP4K2 MAP2K4 DBNL SYK KSR1 PRKCD F2R MAPKAPK2 TNIK TSG101 SHC1 SRC CXCR4 RIPK1 SPAG9 MAPK14 TAOK1 TAB3
GO_ESTABLISHMENT_OF_CELL_POLARITY	http://www.gsea-msigdb.org/gsea/msigdb/cards/GO_ESTABLISHMENT_OF_CELL_POLARITY	0.03956118917514975	0.4584443686767354	15	40	ROCK2 HTT SLC9A3R1 OPHN1 MARK2 CLASP1 NDE1 MSN SCRIB FRMD4B MAP1B MYH9 ARHGEF2 DOCK2 ARF6
GO_REGULATION_OF_CELL_ADHESION	http://www.gsea-msigdb.org/gsea/msigdb/cards/GO_REGULATION_OF_CELL_ADHESION	0.040338207155719286	0.4656226646294941	38	122	SERPINE1 F11R SLK UBASH3B PRKCD SCRIB UNC13D PRKCQ IL6ST VCL MACF1 STK4 SLC9A1 MBP TNFRSF14 RGCC WNK1 CASS4 FERMT3 DOCK5 ILK ARHGAP6 SPN NCK1 FGA SYK TFE3 PAWR DNM2 ITPKB ADORA2A SRC ROCK2 CXCR4 FLNA PAK2 CLASP1 MAPK14
GO_POSTSYNAPSE	http://www.gsea-msigdb.org/gsea/msigdb/cards/GO_POSTSYNAPSE	0.0406248347821249	0.46710656335089135	35	111	APP SAMD14 OPHN1 SH3GL1 F2R SCRIB MAP1B TNIK EPB41 ITPR1 RTN4 EPB41L3 EIF4EBP2 SPTBN1 MYO5A GSK3A GRIK3 PPP1R9A GRIPAP1 DBNL DNM2 ADORA2A CTTN ALS2 CANX ARHGEF2 SHANK3 DBN1 SRC HTT ASAP1 ADD3 FLNA PAK2 ARFGEF2
GO_POSITIVE_REGULATION_OF_JNK_CASCADE	http://www.gsea-msigdb.org/gsea/msigdb/cards/GO_POSITIVE_REGULATION_OF_JNK_CASCADE	0.04089489885103281	0.46838924846822466	11	27	APP RIPK1 MAP3K7 MAP3K5 SPAG9 MAP2K4 MAP4K2 DBNL SYK TAOK1 TNIK
GO_REGULATION_OF_BLOOD_CIRCULATION	http://www.gsea-msigdb.org/gsea/msigdb/cards/GO_REGULATION_OF_BLOOD_CIRCULATION	0.04089489885103281	0.4665807957714362	11	27	DOCK5 GSK3A CAMK2D ITPR1 SLC9A1 TBXA2R FLNA FGA F2R STIM1 PKP2
GO_NUCLEOSIDE_TRIPHOSPHATASE_REGULATOR_ACTIVITY	http://www.gsea-msigdb.org/gsea/msigdb/cards/GO_NUCLEOSIDE_TRIPHOSPHATASE_REGULATOR_ACTIVITY	0.04094657405270445	0.4653735627913141	27	82	DOCK5 ARHGAP6 ARHGAP4 OPHN1 DNM1L GIT1 ARAP1 GAPVD1 TBC1D1 ACAP2 DNAJC1 RABEP1 RASA3 ALS2 RAPGEF2 DOCK2 ARHGEF6 RGS18 RABGAP1 AGAP2 ASAP1 ARHGAP15 ARHGAP21 STXBP5 RAP1GAP2 MYO9B ARHGAP25
GO_ENZYME_LINKED_RECEPTOR_PROTEIN_SIGNALING_PATHWAY	http://www.gsea-msigdb.org/gsea/msigdb/cards/GO_ENZYME_LINKED_RECEPTOR_PROTEIN_SIGNALING_PATHWAY	0.042300674177627076	0.4789214260340537	43	141	APP NUCKS1 F11R UBASH3B STMN1 ANKS1A MAP3K7 PRKCB PRKCD CLDN5 ADAM17 MAPKAPK2 PRKCQ IL6ST TSG101 SHC1 KALRN RTN4 SLC9A3R1 EIF4EBP2 SPTBN1 DAB2 CASS4 UBE2O GSK3A TGFB1I1 ILK HSPB1 GIT1 NCK1 SYK ARAP1 MTSS1 DNM2 RAPGEF2 LCP2 SRC ROCK2 PAK2 PTPN18 PTPN12 MAPK14 ZYX
GO_CYTOSKELETAL_ANCHOR_ACTIVITY	http://www.gsea-msigdb.org/gsea/msigdb/cards/GO_CYTOSKELETAL_ANCHOR_ACTIVITY	0.042398270768263094	0.47819423710006653	5	9	EPB41L3 MAP1A GAS2L1 BICD1 NCK1
GO_POSITIVE_REGULATION_OF_CHEMOKINE_PRODUCTION	http://www.gsea-msigdb.org/gsea/msigdb/cards/GO_POSITIVE_REGULATION_OF_CHEMOKINE_PRODUCTION	0.042398270768263094	0.47637600806166325	5	9	APP ADAM17 MAVS SYK MBP
GO_REGULATION_OF_PLATELET_AGGREGATION	http://www.gsea-msigdb.org/gsea/msigdb/cards/GO_REGULATION_OF_PLATELET_AGGREGATION	0.042398270768263094	0.4745715534856721	5	9	SYK UBASH3B PRKCD PRKCQ F11R
GO_COLUMNAR_CUBOIDAL_EPITHELIAL_CELL_DEVELOPMENT	http://www.gsea-msigdb.org/gsea/msigdb/cards/GO_COLUMNAR_CUBOIDAL_EPITHELIAL_CELL_DEVELOPMENT	0.042398270768263094	0.4727807174347828	5	9	SLC9A3R1 GSK3A SRC SCRIB IL6ST
GO_SYNAPTIC_TRANSMISSION_GLUTAMATERGIC	http://www.gsea-msigdb.org/gsea/msigdb/cards/GO_SYNAPTIC_TRANSMISSION_GLUTAMATERGIC	0.042398270768263094	0.4710033463166069	5	9	OPHN1 ADORA2A ALS2 GRIK3 SHANK3
GO_REGULATION_OF_VASCULAR_PERMEABILITY	http://www.gsea-msigdb.org/gsea/msigdb/cards/GO_REGULATION_OF_VASCULAR_PERMEABILITY	0.042398270768263094	0.4692392888397657	5	9	CLDN5 ADORA2A SRC PDE3A TJP2
GO_POSTSYNAPTIC_SPECIALIZATION_INTRACELLULAR_COMPONENT	http://www.gsea-msigdb.org/gsea/msigdb/cards/GO_POSTSYNAPTIC_SPECIALIZATION_INTRACELLULAR_COMPONENT	0.042398270768263094	0.4674883959709606	5	9	SRC TNIK ARHGEF2 DNM2 SH3GL1
GO_ODONTOGENESIS	http://www.gsea-msigdb.org/gsea/msigdb/cards/GO_ODONTOGENESIS	0.042398270768263094	0.4657505208930016	5	9	STIM1 SRC SERPINE1 MYO5A CNNM4
GO_CYTOKINE_PRODUCTION_INVOLVED_IN_IMMUNE_RESPONSE	http://www.gsea-msigdb.org/gsea/msigdb/cards/GO_CYTOKINE_PRODUCTION_INVOLVED_IN_IMMUNE_RESPONSE	0.042398270768263094	0.46402551896376826	5	9	MAVS FCER1G CD226 TNFRSF14 MAP3K7
GO_CELL_SUBSTRATE_ADHESION	http://www.gsea-msigdb.org/gsea/msigdb/cards/GO_CELL_SUBSTRATE_ADHESION	0.042575403126058495	0.4642447093634791	23	68	DOCK5 SERPINE1 TESK2 ILK ARHGAP6 SLK PPFIA1 FGA UNC13D DNM2 CTTN VCL MACF1 SRC ROCK2 STK4 SLC9A1 FLNA CLASP1 PARVB ZYX CASS4 FERMT3
GO_POSITIVE_REGULATION_OF_TRANSCRIPTION_BY_RNA_POLYMERASE_II	http://www.gsea-msigdb.org/gsea/msigdb/cards/GO_POSITIVE_REGULATION_OF_TRANSCRIPTION_BY_RNA_POLYMERASE_II	0.042855498869200995	0.4655808792591505	21	61	APP CRTC2 GSK3A FHOD1 SERPINE1 NUCKS1 NCK1 TFE3 ARHGEF2 SLC9A1 ABLIM3 PCBP1 RIPK1 NFATC2 NFATC1 MAPK14 DAB2 MAVS RGCC HNRNPK LPIN2
GO_PROTEIN_MACROMOLECULE_ADAPTOR_ACTIVITY	http://www.gsea-msigdb.org/gsea/msigdb/cards/GO_PROTEIN_MACROMOLECULE_ADAPTOR_ACTIVITY	0.042855498869200995	0.4638754547929998	21	61	STON2 BICD1 AKAP13 NCK1 KSR1 MAP1A MYH9 SEC22B SHANK3 SHC1 SAV1 SLC9A1 SLC9A3R1 EPB41L3 GAS2L1 SPAG9 DAB2 MAVS LAT TJP2 BET1
GO_CYTOSKELETON_DEPENDENT_INTRACELLULAR_TRANSPORT	http://www.gsea-msigdb.org/gsea/msigdb/cards/GO_CYTOSKELETON_DEPENDENT_INTRACELLULAR_TRANSPORT	0.043166131340026226	0.46553254784590326	10	24	APP HTT HSPB1 FNBP1L BICD1 ARHGAP21 NDE1 MYO5A MAP1B MAP1A
GO_SIGNALING_RECEPTOR_BINDING	http://www.gsea-msigdb.org/gsea/msigdb/cards/GO_SIGNALING_RECEPTOR_BINDING	0.04327214512639289	0.46497886853996717	48	160	APP SERPINE1 F11R OPHN1 ANKS1A MAP3K7 SH3GL1 PRKCB F2R SYTL4 CD2AP ADAM17 CD226 IL6ST TLN1 SHC1 ARPP19 SAV1 SLC9A3R1 RIPK1 GAS2L1 MSN FERMT3 GSK3A TGFB1I1 ILK BICD1 ENSA NCK1 FGA SYK ARAP1 MTSS1 DNM2 RABEP1 ADORA2A PITPNM2 CANX RAPGEF2 MYH9 DOCK2 SHANK3 SRC FLNA ARFGEF2 MYO9B SNX17 TACC1
GO_ESTABLISHMENT_OF_ORGANELLE_LOCALIZATION	http://www.gsea-msigdb.org/gsea/msigdb/cards/GO_ESTABLISHMENT_OF_ORGANELLE_LOCALIZATION	0.0434560675604347	0.465263332032915	28	86	CD84 FHOD1 FNBP1L BICD1 PPP6R3 MAP4K2 FCER1G SYK SCRIB UNC13D DNM2 MAP1B MYH9 ARHGEF2 TBC1D23 SEC22B VPS4B HTT SLC9A3R1 ARHGAP21 CLASP1 ANKRD28 NDE1 SEC16A MYO5A SYNJ1 LAT BET1
GO_POSITIVE_REGULATION_OF_CELLULAR_COMPONENT_ORGANIZATION	http://www.gsea-msigdb.org/gsea/msigdb/cards/GO_POSITIVE_REGULATION_OF_CELLULAR_COMPONENT_ORGANIZATION	0.0443318825049405	0.4729267610184086	54	183	APP FHOD1 SERPINE1 FNBP1L DOCK11 SH3GL1 PRKCD CLDN5 MAP1B PRKCQ MACF1 TSG101 TWF1 SLAIN2 KALRN G3BP1 MARK2 VASP MSN NFATC2 DAB2 RGCC HNRNPK SYNJ1 EIF4G1 GSK3A ILK PPP1R9A BICD1 DNM1L SCARF1 NCK1 ARHGEF10 DBNL SYK ARAP1 CKAP5 DNM2 CTTN RAPGEF2 SHANK3 DBN1 ARF6 SRC ROCK2 VPS4B HTT CXCR4 ASAP1 ABLIM3 FLNA CLASP1 HUWE1 MAPK14
GO_REGULATION_OF_ION_TRANSPORT	http://www.gsea-msigdb.org/gsea/msigdb/cards/GO_REGULATION_OF_ION_TRANSPORT	0.04473047235778918	0.4754623950261404	26	79	APP CD84 MYLK UBASH3B TMSB4X CLIC1 SYK PRKCD F2R OXSR1 DNM2 STIM1 ADORA2A PKP2 SHANK3 CAMK2D EPB41 HTT CXCR4 SLC9A1 SLC9A3R1 FLNA RIPK1 CAMK2G MYO5A WNK1
GO_NEURON_PROJECTION_ORGANIZATION	http://www.gsea-msigdb.org/gsea/msigdb/cards/GO_NEURON_PROJECTION_ORGANIZATION	0.04517427229357103	0.4784586904211555	9	21	APP DBNL PPP1R9A KALRN CTTN MAP1A DNM1L SHANK3 DBN1
GO_CYCLIC_NUCLEOTIDE_MEDIATED_SIGNALING	http://www.gsea-msigdb.org/gsea/msigdb/cards/GO_CYCLIC_NUCLEOTIDE_MEDIATED_SIGNALING	0.04517427229357103	0.47674990938393713	9	21	GSK3A KSR1 AKAP13 SLC9A3R1 ADORA2A TBXA2R PDE3A RAPGEF2 EIF4EBP2
GO_REGULATION_OF_SIGNALING_RECEPTOR_ACTIVITY	http://www.gsea-msigdb.org/gsea/msigdb/cards/GO_REGULATION_OF_SIGNALING_RECEPTOR_ACTIVITY	0.04517427229357103	0.47505329048933237	9	21	APP TSG101 SHC1 SRC SERPINE1 PRKCD BICD1 ADAM17 SHANK3
GO_REGULATION_OF_MICROTUBULE_POLYMERIZATION_OR_DEPOLYMERIZATION	http://www.gsea-msigdb.org/gsea/msigdb/cards/GO_REGULATION_OF_MICROTUBULE_POLYMERIZATION_OR_DEPOLYMERIZATION	0.04517427229357103	0.47336870435284534	9	21	SLAIN2 CKAP5 MAP1B TAOK1 STMN1 MAP1A ARHGEF2 GAS2L1 CLASP1
GO_POSITIVE_REGULATION_OF_CHEMOTAXIS	http://www.gsea-msigdb.org/gsea/msigdb/cards/GO_POSITIVE_REGULATION_OF_CHEMOTAXIS	0.04517427229357103	0.47169602341873634	9	21	SERPINE1 HSPB1 CXCR4 OXSR1 MAPK14 ADAM17 WNK1 TMSB4X DNM1L
GO_VESICLE_MEDIATED_TRANSPORT_IN_SYNAPSE	http://www.gsea-msigdb.org/gsea/msigdb/cards/GO_VESICLE_MEDIATED_TRANSPORT_IN_SYNAPSE	0.04519490518082986	0.47024980566673324	16	44	STON2 KIAA1109 OPHN1 STXBP5 DNM1L GIT1 SH3GL1 GRIPAP1 PRKCB SCRIB DNM2 SYNJ1 ADORA2A CANX NUMB ARF6
GO_POSITIVE_REGULATION_OF_MAPK_CASCADE	http://www.gsea-msigdb.org/gsea/msigdb/cards/GO_POSITIVE_REGULATION_OF_MAPK_CASCADE	0.04577700426014802	0.47463525469732415	24	72	APP ILK AKAP13 MAP3K7 MAP3K5 MAP2K4 MAP4K2 FGA DBNL KSR1 SYK F2R MAPKAPK2 RAPGEF2 TNIK SHC1 SRC ROCK2 CXCR4 RIPK1 SPAG9 MAPK14 TAOK1 TAB3
GO_SIGNAL_RELEASE	http://www.gsea-msigdb.org/gsea/msigdb/cards/GO_SIGNAL_RELEASE	0.04577700426014802	0.47297569086971114	24	72	PPP1R9A ENSA PPFIA1 DNM1L GIT1 FGA FCER1G SYK PRKCB F2R SCRIB SYTL4 ADORA2A FRMD8 LCP2 SRC ITPR1 KALRN CAMK2G MYO5A MAVS RGCC SYNJ1 CDK16
GO_LEADING_EDGE_MEMBRANE	http://www.gsea-msigdb.org/gsea/msigdb/cards/GO_LEADING_EDGE_MEMBRANE	0.046083252427276684	0.47448087429478264	13	34	MACF1 SRC TWF1 RASGRP2 EPB41L3 SPTBN1 VASP KSR1 DNM2 ADAM17 ADORA2A ARHGEF2 TLN1
GO_TRANSMEMBRANE_RECEPTOR_PROTEIN_SERINE_THREONINE_KINASE_SIGNALING_PATHWAY	http://www.gsea-msigdb.org/gsea/msigdb/cards/GO_TRANSMEMBRANE_RECEPTOR_PROTEIN_SERINE_THREONINE_KINASE_SIGNALING_PATHWAY	0.046083252427276684	0.47283337125903685	13	34	SRC TGFB1I1 ILK F11R MAP3K7 SPTBN1 MAPK14 DNM2 CLDN5 ADAM17 DAB2 ZYX UBE2O
GO_REGULATION_OF_CALCIUM_ION_TRANSPORT	http://www.gsea-msigdb.org/gsea/msigdb/cards/GO_REGULATION_OF_CALCIUM_ION_TRANSPORT	0.046083252427276684	0.47119726962838276	13	34	CD84 CAMK2D EPB41 HTT CXCR4 MYLK SLC9A1 UBASH3B CAMK2G F2R MYO5A STIM1 ADORA2A
GO_TUMOR_NECROSIS_FACTOR_BIOSYNTHETIC_PROCESS	http://www.gsea-msigdb.org/gsea/msigdb/cards/GO_TUMOR_NECROSIS_FACTOR_BIOSYNTHETIC_PROCESS	0.046272397399512666	0.47149977350193084	6	12	APP SYK HSPB1 UBE2J1 SPN MAPKAPK2
GO_MUSCLE_CELL_APOPTOTIC_PROCESS	http://www.gsea-msigdb.org/gsea/msigdb/cards/GO_MUSCLE_CELL_APOPTOTIC_PROCESS	0.046272397399512666	0.46987949936618534	6	12	MAP2K4 CAMK2D ILK STK4 RGL2 MAP3K5
GO_POSITIVE_REGULATION_OF_DENDRITIC_SPINE_DEVELOPMENT	http://www.gsea-msigdb.org/gsea/msigdb/cards/GO_POSITIVE_REGULATION_OF_DENDRITIC_SPINE_DEVELOPMENT	0.046272397399512666	0.46827032299849297	6	12	DBNL PPP1R9A KALRN DNM1L SHANK3 DBN1
GO_NEGATIVE_REGULATION_OF_DEVELOPMENTAL_GROWTH	http://www.gsea-msigdb.org/gsea/msigdb/cards/GO_NEGATIVE_REGULATION_OF_DEVELOPMENTAL_GROWTH	0.046272397399512666	0.46667213076982916	6	12	GSK3A STK4 RTN4 SAV1 ARHGAP4 RIPK1
GO_DIVALENT_INORGANIC_CATION_TRANSPORT	http://www.gsea-msigdb.org/gsea/msigdb/cards/GO_DIVALENT_INORGANIC_CATION_TRANSPORT	0.04642484919747418	0.466617106729715	18	51	CD84 MYLK UBASH3B DNM1L PRKCB F2R STIM1 ADORA2A RASA3 CAMK2D EPB41 ITPR1 HTT CXCR4 SLC9A1 CAMK2G CNNM4 MYO5A
GO_PEPTIDE_SECRETION	http://www.gsea-msigdb.org/gsea/msigdb/cards/GO_PEPTIDE_SECRETION	0.046501899060918436	0.4658071583898779	22	65	ENSA DNM1L FGA SYK F2R SYTL4 CD2AP DNAJC1 ADORA2A FRMD8 CANX LCP2 ARF6 SRC ITPR1 KALRN STXBP5 CAMK2G MYO5A MAVS RGCC CDK16
GO_CARDIAC_MUSCLE_TISSUE_DEVELOPMENT	http://www.gsea-msigdb.org/gsea/msigdb/cards/GO_CARDIAC_MUSCLE_TISSUE_DEVELOPMENT	0.04667819314381778	0.46599344844588353	8	18	MAP2K4 GSK3A MAPK14 SAV1 SLC9A1 AKAP13 PKP2 RIPK1
GO_ION_CHANNEL_REGULATOR_ACTIVITY	http://www.gsea-msigdb.org/gsea/msigdb/cards/GO_ION_CHANNEL_REGULATOR_ACTIVITY	0.04667819314381778	0.46442444693596474	8	18	CAMK2D PRKCB ITPR1 ARPP19 STIM1 WNK1 ENSA FLNA
GO_SPINDLE_POLE	http://www.gsea-msigdb.org/gsea/msigdb/cards/GO_SPINDLE_POLE	0.04667819314381778	0.4628659756375219	8	18	VPS4B NDE1 FRY MAPK14 CKAP5 DYNC1LI1 KIF2A TUBGCP3
GO_ENDOTHELIUM_DEVELOPMENT	http://www.gsea-msigdb.org/gsea/msigdb/cards/GO_ENDOTHELIUM_DEVELOPMENT	0.04667819314381778	0.46131792889625933	8	18	ROCK2 MSN CXCR4 F11R CLDN5 RAPGEF2 VCL TJP2
GO_REGULATION_OF_DENDRITIC_SPINE_DEVELOPMENT	http://www.gsea-msigdb.org/gsea/msigdb/cards/GO_REGULATION_OF_DENDRITIC_SPINE_DEVELOPMENT	0.04667819314381778	0.4597802024666051	8	18	DBNL ASAP1 PPP1R9A KALRN DNM1L SHANK3 DBN1 ARF6
GO_CELL_DIVISION_SITE	http://www.gsea-msigdb.org/gsea/msigdb/cards/GO_CELL_DIVISION_SITE	0.04727615880162696	0.4641230872385637	7	15	SVIL NDE1 MYLK LIMA1 MYH9 TUBGCP3 ARF6
GO_BRUSH_BORDER	http://www.gsea-msigdb.org/gsea/msigdb/cards/GO_BRUSH_BORDER	0.04727615880162696	0.4625862558238665	7	15	ADD3 SLC9A3R1 LIMA1 MYH9 DNM1L CLIC1 PLEC
GO_NEURAL_PRECURSOR_CELL_PROLIFERATION	http://www.gsea-msigdb.org/gsea/msigdb/cards/GO_NEURAL_PRECURSOR_CELL_PROLIFERATION	0.04727615880162696	0.4610595685109164	7	15	NDE1 ILK NAP1L1 NUMB FLNA ARHGEF2 DBN1
GO_SYNAPSE_ASSEMBLY	http://www.gsea-msigdb.org/gsea/msigdb/cards/GO_SYNAPSE_ASSEMBLY	0.04727615880162696	0.4595429251934463	7	15	APP DBNL PPP1R9A MAP1B SHANK3 EIF4G1 ARF6
GO_ESTABLISHMENT_OF_ENDOTHELIAL_BARRIER	http://www.gsea-msigdb.org/gsea/msigdb/cards/GO_ESTABLISHMENT_OF_ENDOTHELIAL_BARRIER	0.04727615880162696	0.45803622707805797	7	15	ROCK2 MSN F11R CLDN5 RAPGEF2 VCL TJP2
GO_REGULATION_OF_PROTEIN_MODIFICATION_PROCESS	http://www.gsea-msigdb.org/gsea/msigdb/cards/GO_REGULATION_OF_PROTEIN_MODIFICATION_PROCESS	0.048114164184661766	0.4646318796263906	66	230	APP ARAF UBASH3B PRKACB PRKCD CCNY AGAP2 TWF1 ARPP19 WNK1 AKAP13 ENSA MAP4K2 DBNL SYK ITPKB RAPGEF2 ARHGEF2 HTT CXCR4 PAK2 HUWE1 TAOK1 FRY MAP3K7 MAP3K5 MAP2K4 F2R TOM1L1 ADAM17 MAPKAPK2 TNIK IL6ST TSG101 SHC1 STK4 SLC9A3R1 TNFRSF14 RIPK1 MARK2 DAB2 MAVS RGCC CASS4 TAB3 LAT EIF4G1 GSK3A ILK HSPB1 PPP1R9A PPP6R3 DNM1L NCK1 FGA KSR1 ADORA2A ALS2 LCP2 CAMK2D SRC ROCK2 SPAG9 PPP1R14A MAPK14 OXR1
GO_REGULATION_OF_VESICLE_MEDIATED_TRANSPORT	http://www.gsea-msigdb.org/gsea/msigdb/cards/GO_REGULATION_OF_VESICLE_MEDIATED_TRANSPORT	0.048333681587454956	0.46523136511703383	33	105	CD84 SERPINE1 CNST OPHN1 SH3GL1 PRKCB SCRIB SYTL4 UNC13D CD2AP TSG101 STXBP5 MSN DAB2 HNRNPK STON2 BICD1 DNM1L GIT1 GRIPAP1 FGA FCER1G SYK DNM2 ADORA2A BMP2K NUMB DOCK2 ARF6 SRC VPS4B CLASP1 SNX17
GO_POSITIVE_REGULATION_OF_TRANSPORT	http://www.gsea-msigdb.org/gsea/msigdb/cards/GO_POSITIVE_REGULATION_OF_TRANSPORT	0.04862192591128919	0.4664863346359077	44	146	SERPINE1 MYLK CNST SH3GL1 PRKCD F2R SYTL4 UNC13D CD2AP STIM1 FRMD8 PKP2 TSG101 ARPP19 SLC9A1 SLC9A3R1 STXBP5 SEC16A MSN DAB2 MAVS RGCC HNRNPK WNK1 GSK3A BICD1 TMSB4X DNM1L FGA FCER1G SYK DNM2 ADORA2A DOCK2 SHANK3 ARF6 SRC VPS4B HTT ABLIM3 FLNA CLASP1 HUWE1 MAPK14
GO_CENTROSOME	http://www.gsea-msigdb.org/gsea/msigdb/cards/GO_CENTROSOME	0.04886876859509724	0.46733725306961926	25	76	BICD1 CEP170 PRKACB ARHGEF10 EXOC7 CKAP5 DNM2 DYNC1LI1 KIF2A ALS2 MAPKAPK2 PRKCQ RABGAP1 ROCK2 VPS4B SLAIN2 CLASP1 SPAG9 MPP1 RAP1GAP2 ANKRD26 NDE1 NCKAP5L RGCC TUBGCP3
GO_REGULATION_OF_PROTEIN_CONTAINING_COMPLEX_DISASSEMBLY	http://www.gsea-msigdb.org/gsea/msigdb/cards/GO_REGULATION_OF_PROTEIN_CONTAINING_COMPLEX_DISASSEMBLY	0.049608116480421655	0.4728773683859548	12	31	TWF1 ADD3 LIMA1 CAPZB SPTBN1 CLASP1 SVIL SPTB MAP1B TAOK1 MAP1A ARHGEF2
GO_ACTIN_CYTOSKELETON_REORGANIZATION	http://www.gsea-msigdb.org/gsea/msigdb/cards/GO_ACTIN_CYTOSKELETON_REORGANIZATION	0.049608116480421655	0.47135686237828295	12	31	SHC1 F11R FLNA PARVB ARAP1 CDC42BPB CDC42BPA CD2AP CTTN CASS4 MYH9 TNIK